Unnamed: 0,Composition,MaterialId,Reduced Formula,Elements,NSites,Volume,Density,Point Group,Space Group,Space Group Number,Crystal System,Corrected Energy,Formation Energy Per Atom,Decomposition Energy Per Atom,Dimensionality Cheon,Bandgap,Is Train,Decomposition Energy Per Atom All,Decomposition Energy Per Atom Relative,Decomposition Energy Per Atom MP,Decomposition Energy Per Atom MP OQMD
934,Na2Pr2S8Si2,00a16f479e,NaPrSiS4,"['Na', 'Si', 'S', 'Pr']",14,342.2209,3.1078,2,P2_1,4,monoclinic,-79.0232,-1.6339,-0.0214,,2.604,,0.0,,-0.0214,-0.0213
1194,As4Na1Pd20Si2Y2,00d1138c9c,NaY2Si2(AsPd5)4,"['Na', 'Si', 'As', 'Y', 'Pd']",29,483.4798,9.222,4/mmm,I4/mmm,139,tetragonal,-165.1777,-0.6151,-0.0377,,,,0.0,,-0.0377,-0.0148
1388,Ge1Na4Se6Si1Sr1,00f2c1e2e9,Na4SrSiGeSe6,"['Na', 'Si', 'Ge', 'Se', 'Sr']",13,345.9858,3.6191,1,P1,1,triclinic,-54.4208,-1.2629,-0.0134,,2.3721,,0.0,,-0.0161,-0.0157
3146,Au12Er11Na1Si12,021bde7ac0,NaEr11(SiAu)12,"['Na', 'Si', 'Er', 'Au']",36,725.8868,10.4394,m,Pm,6,monoclinic,-182.9975,-0.751,-0.0875,,,,0.0,,-0.0875,-0.0102
4903,Co3Ir9Na2Si7,034221b671,Na2Co3Si7Ir9,"['Na', 'Si', 'Co', 'Ir']",21,301.0091,11.8569,-6,P-6,174,hexagonal,-153.2263,-0.5583,-0.084,,,,0.0,,-0.084,-0.0767
7851,Au2Na1Si2Yb1,05435eeeb1,NaYb(SiAu)2,"['Na', 'Si', 'Yb', 'Au']",6,119.098,9.0088,mm2,Imm2,44,orthorhombic,-23.3666,-0.5177,-0.02,,0.0183,,0.0,,-0.02,-0.0118
11474,Ir19Na5P3Si9,07bab3fe92,Na5Si9P3Ir19,"['Na', 'Si', 'P', 'Ir']",36,555.9978,12.2831,-6m2,P-62m,189,hexagonal,-260.8123,-0.5889,-0.1142,,0.0017,,-0.0,,-0.1142,-0.095
14543,Au1Cu17Na2Si8,09c005dca3,Na2Cu17Si8Au,"['Na', 'Si', 'Cu', 'Au']",28,389.6044,6.5974,m,Cm,8,monoclinic,-121.335,-0.0831,-0.0072,,0.004,,0.0,,-0.0072,-0.0062
15316,Na5Rh8Si24Yb1,0a450f101f,Na5Yb(Si3Rh)8,"['Na', 'Si', 'Rh', 'Yb']",38,615.1522,4.8192,2,C2,5,monoclinic,-212.6882,-0.405,-0.0076,,,,0.0,,-0.0076,-0.0074
15467,Eu3Na1Pt6Si10,0a5c5f12d8,NaEu3(Si5Pt3)2,"['Na', 'Si', 'Eu', 'Pt']",20,355.4114,9.0184,m,Cm,8,monoclinic,-138.7422,-0.7932,-0.032,,0.0017,,0.0,,-0.0318,-0.0135
15471,Ba6Dy6Na2O40Si12,0a5d30625d,Ba3NaDy3(Si3O10)2,"['O', 'Na', 'Si', 'Ba', 'Dy']",66,990.4368,4.7312,mm2,Ama2,40,orthorhombic,-536.0338,-3.5032,-0.0216,,,,0.0,,-0.0216,-0.0149
15872,Cs12Ge1Li1Na3Si15,0aa08c4726,Cs12Na3LiSi15Ge,"['Li', 'Na', 'Si', 'Ge', 'Cs']",32,1183.3575,3.0376,1,P1,1,triclinic,-104.828,-0.0689,-0.0197,,,,0.0,,-0.0196,-0.0196
16321,Ho5Na1Pt8Si12,0ae920cf7f,NaHo5(Si3Pt2)4,"['Na', 'Si', 'Ho', 'Pt']",26,459.2879,9.9257,m,Pm,6,monoclinic,-161.8023,-0.9191,-0.0218,,0.0062,,0.0,,-0.0216,-0.0074
17006,Na8P8Si1Sr4Ti1,0b63fb2118,Na8Sr4TiSiP8,"['Na', 'Si', 'P', 'Ti', 'Sr']",22,556.7068,2.5597,1,P1,1,triclinic,-89.6944,-0.715,-0.0012,,1.2687,,0.0,,-0.0012,-0.0008
17811,Ga3Na2Pd6Si1,0beb90e076,Na2Ga3SiPd6,"['Na', 'Si', 'Ga', 'Pd']",12,213.0009,7.1859,m,Cm,8,monoclinic,-55.165,-0.5776,-0.0146,,0.0082,,0.0,,-0.0141,-0.014
19007,Na16P8Si1Ti1,0cbb8befc4,Na16TiSiP8,"['Na', 'Si', 'P', 'Ti']",26,599.7331,1.9148,-43m,F-43m,216,cubic,-89.3349,-0.4441,-0.0169,,0.8258,,0.0,,-0.0169,-0.0036
19176,Ca1Cu18Na1Si8,0cd77e2170,NaCa(Cu9Si4)2,"['Na', 'Si', 'Ca', 'Cu']",28,380.2748,6.2513,422,I422,97,tetragonal,-124.1557,-0.13,-0.021,,0.011,,0.0,,-0.0208,-0.0199
20225,Ir2Na2Pt2Si2Sr2,0d80a0647d,NaSrSiIrPt,"['Na', 'Si', 'Sr', 'Ir', 'Pt']",10,208.3227,8.3854,4/mmm,P4/nmm,129,tetragonal,-53.7784,-0.7085,-0.1016,,,,0.0,,-0.1007,-0.0273
20377,Ir6Na1Nd1Si14,0d9d39a21d,NaNd(Si7Ir3)2,"['Na', 'Si', 'Nd', 'Ir']",22,340.9029,8.3476,-3,R-3,148,trigonal,-147.9233,-0.584,-0.0174,,0.0126,,0.0,,-0.0172,-0.0167
20848,Dy7Na1Si16W12,0de7a85070,NaDy7(Si4W3)4,"['Na', 'Si', 'Dy', 'W']",36,604.9604,10.4743,1,P1,1,triclinic,-293.0818,-0.478,-0.0402,,0.0098,,-0.0,,-0.0401,-0.0399
21330,Mo12Na1Si16Sm7,0e3bc9efc7,NaSm7(Si4Mo3)4,"['Na', 'Si', 'Mo', 'Sm']",36,624.851,7.1119,1,P1,1,triclinic,-270.8352,-0.5425,-0.0039,,0.0009,,-0.0,,-0.0038,-0.0038
23354,Li1Na7P12Rb12Si4,0f850e2d22,Rb12Na7Li(SiP3)4,"['Li', 'Na', 'Si', 'P', 'Rb']",36,1002.64,2.7782,2,C2,5,monoclinic,-124.0847,-0.4025,-0.0819,,1.0407,,-0.0,,-0.0819,-0.0112
27084,Dy4Na4O16Si4,1208be6200,NaDySiO4,"['O', 'Na', 'Si', 'Dy']",28,377.767,4.8805,mmm,Pnma,62,orthorhombic,-218.9083,-3.3687,-0.0298,,4.2537,,0.0,,-0.0298,-0.0296
27686,Na12P4Pt8Si4,126e4c8b15,Na3SiPPt2,"['Na', 'Si', 'P', 'Pt']",28,562.7601,6.1162,mmm,Pbcm,57,orthorhombic,-124.2393,-0.5855,-0.0919,,,,0.0,,-0.0919,-0.071
28699,Ir19Na2Pr3Si12,131fe0ca5e,Na2Pr3Si12Ir19,"['Na', 'Si', 'Pr', 'Ir']",36,578.2271,12.802,m,Pm,6,monoclinic,-278.1333,-0.7809,-0.067,,0.0043,,0.0,,-0.0668,-0.0623
29167,As8Na8Si1Sr4Ti1,137383507f,Na8Sr4TiSiAs8,"['Na', 'Si', 'Ti', 'As', 'Sr']",22,603.6104,3.328,1,P1,1,triclinic,-84.0762,-0.7338,-0.0017,,,,-0.0,,-0.0017,-0.0009
29610,Co12Na1P6Si1U1,13c0957d33,NaUCo12SiP6,"['Na', 'Si', 'P', 'Co', 'U']",21,250.528,7.8354,-6,P-6,174,hexagonal,-148.6888,-0.6129,-0.0309,,0.0012,,0.0,,-0.0309,-0.0117
29663,Na2P5Pd20Si1Sr1,13c974cd13,Na2SrSi(PPd4)5,"['Na', 'Si', 'P', 'Sr', 'Pd']",29,462.518,8.7779,mm2,Imm2,44,orthorhombic,-156.8059,-0.5649,-0.0849,,,,-0.0,,-0.0846,-0.0778
31997,Cs3Na1P12Si12,155e9fe62d,Cs3Na(SiP)12,"['Na', 'Si', 'P', 'Cs']",28,712.172,2.6357,m,Pm,6,monoclinic,-142.3206,-0.2946,-0.0617,,1.315,,0.0,,-0.0617,-0.053
32338,Fe2Na4O8Si2,1597105fb2,Na2FeSiO4,"['O', 'Na', 'Si', 'Fe']",16,214.0869,3.008,m,Pc,7,monoclinic,-111.1904,-2.4079,-0.0126,,2.3841,,0.0,,-0.0126,-0.0122
32486,As6Ge4Na2Si2,15af68ae8a,NaSiGe2As3,"['Na', 'Si', 'Ge', 'As']",14,352.8842,3.9633,mm2,Pmc2_1,26,orthorhombic,-62.2117,-0.1621,-0.0177,,1.1923,,-0.0,,-0.0286,-0.0149
33308,As12Cs2Na2Si12,163cab5a3c,CsNa(SiAs)6,"['Na', 'Si', 'As', 'Cs']",28,742.2458,3.4629,2/m,P2/m,10,monoclinic,-131.9258,-0.2313,-0.0512,,1.3108,,0.0,,-0.0512,-0.0347
34257,Na2Ni12P6Si1,16d8d45345,Na2Si(Ni2P)6,"['Na', 'Si', 'P', 'Ni']",21,256.9926,6.2303,-6,P-6,174,hexagonal,-121.1589,-0.5356,-0.0636,,0.0127,,-0.0,,-0.0636,-0.0411
35253,Ga2Na2Pt6Si2,177eacec64,NaGaSiPt3,"['Na', 'Si', 'Ga', 'Pt']",12,208.9581,11.2216,mm2,Imm2,44,orthorhombic,-63.9613,-0.6653,-0.0984,,0.0037,,-0.0,,-0.0977,-0.0425
37537,As12Na20Si2Zr2,190491c4ad,Na10ZrSiAs6,"['Na', 'Si', 'As', 'Zr']",36,869.239,3.0517,2,P2_1,4,monoclinic,-128.6819,-0.5104,-0.0144,,0.8848,,0.0,,-0.0144,-0.0125
37851,Na1Rb11Se12Si4,1938f680ac,Rb11Na(SiSe3)4,"['Na', 'Si', 'Se', 'Rb']",28,970.7247,3.4606,1,P1,1,triclinic,-110.2066,-1.2302,-0.1182,,2.4199,,-0.0,,-0.1182,-0.041
38091,Dy1Na1Pt6Si10Tb2,195e4408b9,NaTb2Dy(Si5Pt3)2,"['Na', 'Si', 'Tb', 'Dy', 'Pt']",20,352.9609,9.1961,m,Cm,8,monoclinic,-122.7855,-0.8452,-0.0571,,,,0.0,,-0.0571,-0.026
38799,As11Na8P1Rb12Si4,19dfba722a,Rb12Na8Si4As11P,"['Na', 'Si', 'P', 'As', 'Rb']",36,1103.6499,3.2755,m,Cm,8,monoclinic,-115.9708,-0.4239,-0.012,,,,0.0,,-0.012,-0.0076
40564,Er2Na2Pt5Ru1Si10,1b11dfba93,Na2Er2Si10RuPt5,"['Na', 'Si', 'Ru', 'Er', 'Pt']",20,339.0475,8.5114,2,C2,5,monoclinic,-119.6662,-0.7002,-0.0196,,0.0106,,0.0,,-0.0192,-0.0054
40825,Au2Na1Si2Tb1,1b3aa99867,NaTb(SiAu)2,"['Na', 'Si', 'Tb', 'Au']",6,118.4282,8.8618,mm2,Imm2,44,orthorhombic,-26.67,-0.5525,-0.0612,,0.0115,,0.0,,-0.0612,-0.0264
42719,As12Na8Rb12Si1Ti3,1c79547f30,Rb12Na8Ti3SiAs12,"['Na', 'Si', 'Ti', 'As', 'Rb']",36,1124.5851,3.367,2,C2,5,monoclinic,-126.352,-0.5273,-0.0581,,,,-0.0,,-0.0581,-0.0556
43241,Cu18Na1Pr1Si8,1cd80cce0b,NaPr(Cu9Si4)2,"['Na', 'Si', 'Cu', 'Pr']",28,383.1168,6.6419,422,I422,97,tetragonal,-127.8218,-0.1618,-0.0196,,,,0.0,,-0.0195,-0.0183
44407,As12Hf1Na20Si2Ti1,1d9fb16a1c,Na20HfTi(SiAs6)2,"['Na', 'Si', 'Ti', 'As', 'Hf']",36,861.0303,3.1655,1,P1,1,triclinic,-129.1047,-0.5012,-0.0067,,,,0.0,,-0.0067,-0.0047
45836,Na1Pt4Si12Yb7,1e9afe03e3,NaYb7(Si3Pt)4,"['Na', 'Si', 'Yb', 'Pt']",24,488.1133,8.0001,6/mmm,P6/mmm,191,hexagonal,-119.2545,-0.7403,-0.0833,,0.0014,,-0.0,,-0.0831,-0.0182
46353,As4Gd2Na1Pd20Si2,1eecd91211,NaGd2Si2(AsPd5)4,"['Na', 'Si', 'As', 'Pd', 'Gd']",29,490.0488,9.5615,4/mmm,I4/mmm,139,tetragonal,-180.4439,-0.6151,-0.0412,,,,0.0,,-0.0412,-0.0358
48492,N12Na2Pr6Si4,20561b52e7,NaPr3(SiN3)2,"['N', 'Na', 'Si', 'Pr']",24,340.0908,5.7217,2/m,C2/m,12,monoclinic,-185.6323,-1.3564,-0.0224,,,,0.0,,-0.0224,-0.0211
50268,Er1Ir6Na1Si14,216f421baf,NaEr(Si7Ir3)2,"['Na', 'Si', 'Er', 'Ir']",22,336.3712,8.5737,-3,R-3,148,trigonal,-148.1013,-0.6012,-0.0489,,0.0067,,0.0,,-0.0487,-0.0457
50837,Au4Cd3Na4Si1,21d267e2e0,Na4Cd3SiAu4,"['Na', 'Si', 'Cd', 'Au']",12,269.4569,7.6732,m,Pm,6,monoclinic,-29.7719,-0.2645,-0.0154,,,,0.0,,-0.0154,-0.0088
50985,Al1Na2Pd6Si3,21ec422436,Na2Al(SiPd2)3,"['Na', 'Al', 'Si', 'Pd']",12,204.026,6.4764,m,Cm,8,monoclinic,-61.5979,-0.6543,-0.0084,,0.0079,,0.0,,-0.0083,-0.008
51896,Na1Nd1Pr2Pt6Si10,2289159215,NaPr2Nd(Si5Pt3)2,"['Na', 'Si', 'Pr', 'Nd', 'Pt']",20,356.0962,8.8619,m,Cm,8,monoclinic,-123.4599,-0.8564,-0.0241,,,,0.0,,-0.0239,-0.0081
52146,Lu4Na4O16Si4,22b3aa2879,NaLuSiO4,"['O', 'Na', 'Si', 'Lu']",28,360.3755,5.3458,mmm,Pnma,62,orthorhombic,-219.4312,-3.3996,-0.0344,,4.3854,,0.0,,-0.0344,-0.0236
52832,Au6Na1Si2Sr1,2328c75a32,NaSr(SiAu3)2,"['Na', 'Si', 'Sr', 'Au']",10,219.5747,10.1987,-42m,P-4m2,115,tetragonal,-37.7018,-0.4196,-0.033,,0.0014,,0.0,,-0.033,-0.0328
53364,As3Na1Pd20Si3Tb2,23854ed2e1,NaTb2Si3As3Pd20,"['Na', 'Si', 'As', 'Pd', 'Tb']",29,479.8373,9.6145,mm2,Fmm2,42,orthorhombic,-163.3477,-0.6519,-0.033,,,,0.0,,-0.033,-0.0147
53747,Na2S8Si2Tb2,23c2f289ef,NaTbSiS4,"['Na', 'Si', 'S', 'Tb']",14,324.2534,3.4645,2,P2_1,4,monoclinic,-78.7194,-1.6331,-0.0041,,2.7349,,0.0,,-0.0041,-0.0041
54323,Na4Pb1S6Si2,24205cdc47,Na4Si2PbS6,"['Na', 'Si', 'S', 'Pb']",13,297.1599,3.0607,2,C2,5,monoclinic,-60.2358,-1.1972,-0.0853,,2.3529,,0.0,,-0.0853,-0.0409
56103,Ir26Na8Si18,254a2eb719,Na4Si9Ir13,"['Na', 'Si', 'Ir']",52,815.7062,11.5773,mmm,Pmmn,59,orthorhombic,-368.0793,-0.5771,-0.0796,,,,0.0,,-0.0796,-0.0692
56884,As4Na1Pd20Si2Sr2,25cf8b2d6a,NaSr2Si2(AsPd5)4,"['Na', 'Si', 'As', 'Sr', 'Pd']",29,496.7776,8.9665,4/mmm,I4/mmm,139,tetragonal,-153.923,-0.5564,-0.0581,,,,0.0,,-0.0581,-0.0524
57559,Hf1Na20P12Si3,264f6579ce,Na20Hf(SiP4)3,"['Na', 'Si', 'P', 'Hf']",36,786.5041,2.3102,1,P1,1,triclinic,-133.9485,-0.4529,-0.0054,,1.3497,,0.0,,-0.0054,-0.0048
58911,Er3Ir19Na2Si12,27356d1705,Na2Er3Si12Ir19,"['Na', 'Si', 'Er', 'Ir']",36,566.0276,13.3098,mm2,Amm2,38,orthorhombic,-278.4649,-0.8079,-0.056,,0.0028,,0.0,,-0.0557,-0.0522
59020,Na8S10Si4,27468fe581,Na4Si2S5,"['Na', 'Si', 'S']",22,484.0158,2.1165,-1,P-1,2,triclinic,-101.0373,-1.2451,-0.0915,,3.2068,,0.0,,-0.0915,-0.0285
59780,Na6Nd2O30Si12,27cbedc099,Na3Nd(Si2O5)3,"['O', 'Na', 'Si', 'Nd']",50,719.3604,2.8703,2/m,C2/m,12,monoclinic,-388.6053,-3.1513,-0.0051,,,,0.0,,-0.0051,-0.0026
60001,Hf1Ir6Na1Si14,27f27a7652,NaHf(Si7Ir3)2,"['Na', 'Si', 'Hf', 'Ir']",22,332.1803,8.738,-3,R-3,148,trigonal,-152.6697,-0.5639,-0.0344,,0.0303,,0.0,,-0.0342,-0.031
60761,Na1Rh18Si12Tm5,287795e03d,NaTm5(Si2Rh3)6,"['Na', 'Si', 'Rh', 'Tm']",36,562.4979,9.0245,mm2,Pmm2,25,orthorhombic,-257.1415,-0.9937,-0.0247,,,,0.0,,-0.0247,-0.0087
62335,Ho1Na1Pr2Pt6Si10,2982262f51,NaPr2Ho(Si5Pt3)2,"['Na', 'Si', 'Pr', 'Ho', 'Pt']",20,352.6416,9.0462,m,Cm,8,monoclinic,-123.0908,-0.8473,-0.0223,,0.0073,,0.0,,-0.022,-0.0083
62391,As12Hf1Na20Si2Zr1,29894ced8e,Na20HfZr(SiAs6)2,"['Na', 'Si', 'As', 'Zr', 'Hf']",36,869.5524,3.2173,1,P1,1,triclinic,-130.015,-0.5083,-0.01,,0.872,,0.0,,-0.01,-0.0079
63286,Mg1Na4S6Si2,2a29512f75,Na4Mg(SiS3)2,"['Na', 'Mg', 'Si', 'S']",13,274.0051,2.2109,2,C2,5,monoclinic,-59.7053,-1.3189,-0.0847,,3.3733,,-0.0,,-0.0847,-0.0313
63580,Ir1Na3Pt3Si4,2a5bf1a777,Na3Si4IrPt3,"['Na', 'Si', 'Ir', 'Pt']",11,209.6727,7.5932,3m,R3m,160,trigonal,-59.2721,-0.5956,-0.1057,,0.004,,0.0,,-0.1045,-0.027
63797,Ge3Na1Rh6Si1,2a7e9bf892,NaSi(GeRh2)3,"['Na', 'Si', 'Ge', 'Rh']",11,170.2324,8.6467,-6m2,P-6m2,187,hexagonal,-71.0144,-0.5647,-0.0446,,0.0118,,0.0,,-0.0442,-0.0348
64165,Na1Pt6Si10Sr2Tm1,2abd68400f,NaSr2Tm(Si5Pt3)2,"['Na', 'Si', 'Sr', 'Tm', 'Pt']",20,355.9834,8.4828,m,Cm,8,monoclinic,-114.7146,-0.7429,-0.0577,,,,0.0,,-0.0575,-0.0221
65060,B8Na6Pt17Rh1Si2,2b664fc9b8,Na6Si2B8Pt17Rh,"['B', 'Na', 'Si', 'Rh', 'Pt']",34,506.3507,12.1336,2/m,C2/m,12,monoclinic,-198.9011,-0.4738,-0.0181,,0.0016,,0.0,,-0.0179,-0.0087
65101,Ir19Na2Sc3Si12,2b6c2d040c,Na2Sc3Si12Ir19,"['Na', 'Si', 'Sc', 'Ir']",36,556.3541,12.4461,-6m2,P-62m,189,hexagonal,-282.374,-0.7694,-0.088,,0.0025,,0.0,,-0.0877,-0.08
65265,Na5P8Rh19Si4,2b87abd69e,Na5Si4P8Rh19,"['Na', 'Si', 'P', 'Rh']",36,542.7238,7.4358,m,Pm,6,monoclinic,-237.8875,-0.7318,-0.0489,,0.0053,,0.0,,-0.0489,-0.0463
65729,Na16P8Si1Zr1,2bdc520dd4,Na16ZrSiP8,"['Na', 'Si', 'P', 'Zr']",26,621.6185,1.9632,-43m,F-43m,216,cubic,-90.0953,-0.4483,-0.0063,,0.8091,,0.0,,-0.0063,-0.0048
65804,Dy4Ir19Na1Si12,2be84d1417,NaDy4Si12Ir19,"['Na', 'Si', 'Dy', 'Ir']",36,568.1501,13.6261,mm2,Amm2,38,orthorhombic,-284.8904,-0.8919,-0.1119,,0.0027,,-0.0,,-0.1118,-0.0819
66455,Ca2Na1P5Pd20Si1,2c5c3a4a1b,NaCa2Si(PPd4)5,"['Na', 'Si', 'P', 'Ca', 'Pd']",29,461.4681,8.6883,4mm,I4mm,107,tetragonal,-159.9456,-0.6387,-0.0958,,,,0.0,,-0.0958,-0.0649
67573,Cu17Na2Ni1Si8,2d12ad49d9,Na2Cu17Si8Ni,"['Na', 'Si', 'Ni', 'Cu']",28,377.9503,6.1933,mmm,Fmmm,69,orthorhombic,-124.4669,-0.1055,-0.0221,,0.0045,,0.0,,-0.0218,-0.0212
67722,Li4Na1Pr3Si8,2d29bb9a32,NaLi4Pr3Si8,"['Li', 'Na', 'Si', 'Pr']",16,324.5722,3.5718,m,Pm,6,monoclinic,-73.2815,-0.4111,-0.0093,,,,0.0,,-0.009,-0.0068
67869,As3Na1Pd20Pr2Si3,2d42aaec3f,NaPr2Si3As3Pd20,"['Na', 'Si', 'As', 'Pd', 'Pr']",29,487.1069,9.3482,mm2,Fmm2,42,orthorhombic,-163.389,-0.6432,-0.0387,,,,0.0,,-0.0387,-0.0363
67987,Ba9Na1Sb1Si5,2d5723d746,Ba9NaSi5Sb,"['Na', 'Si', 'Sb', 'Ba']",16,602.1116,4.195,4,I4,79,tetragonal,-57.1389,-0.4553,-0.0219,,,,0.0,,-0.0219,-0.0208
68262,Ca2Na1P2Pd20Si4,2d882f0713,NaCa2Si4(PPd10)2,"['Na', 'Si', 'P', 'Ca', 'Pd']",29,464.864,8.5939,4/mmm,I4/mmm,139,tetragonal,-160.792,-0.6666,-0.071,,,,0.0,,-0.071,-0.0401
68506,Al4Na4Se12Si2,2dae336296,Na2Al2SiSe6,"['Na', 'Al', 'Si', 'Se']",22,602.9069,3.3149,m,Cc,9,monoclinic,-98.3214,-1.1476,-0.018,,2.0957,,-0.0,,-0.018,-0.0101
69412,Cu12Na1Si12Yb11,2e4b9238e1,NaYb11(CuSi)12,"['Na', 'Si', 'Cu', 'Yb']",36,644.7939,7.7929,m,Pm,6,monoclinic,-148.6438,-0.447,-0.0297,,0.0048,,0.0,,-0.0296,-0.001
69724,As3Na1Pd20Si3Tb2,2e7befb913,NaTb2Si3As3Pd20,"['Na', 'Si', 'As', 'Pd', 'Tb']",29,480.2443,9.6064,mm2,Fmm2,42,orthorhombic,-163.3491,-0.652,-0.033,,,,0.0,,-0.033,-0.0148
71130,Na8P12Rb12Si1Sn3,2f6feea807,Rb12Na8Si(SnP4)3,"['Na', 'Si', 'P', 'Rb', 'Sn']",36,1077.6473,3.0285,2,C2,5,monoclinic,-118.4644,-0.3807,-0.0339,,,,-0.0,,-0.0339,-0.0214
71584,Ir19Na5P10Si2,2fc1df464f,Na5Si2P10Ir19,"['Na', 'Si', 'P', 'Ir']",36,547.6303,12.5321,mm2,Amm2,38,orthorhombic,-258.6516,-0.5313,-0.1058,,0.0032,,0.0,,-0.1058,-0.0719
72969,Na8Pt8Si6,30a20e84f2,Na4Si3Pt4,"['Na', 'Si', 'Pt']",22,423.5114,7.5011,2/m,C2/c,15,monoclinic,-103.9732,-0.5579,-0.1211,,,,-0.0,,-0.1194,-0.0528
73257,Au4Na3Si12Sm5,30da0e6472,Na3Sm5(Si3Au)4,"['Na', 'Si', 'Sm', 'Au']",24,501.935,6.4368,-6m2,P-6m2,187,hexagonal,-118.2668,-0.5206,-0.0566,,,,0.0,,-0.0566,-0.0067
74021,Ir19Na4Nd1Si12,3159476360,Na4NdSi12Ir19,"['Na', 'Si', 'Nd', 'Ir']",36,568.0228,12.3523,mm2,Amm2,38,orthorhombic,-266.0444,-0.6376,-0.0758,,0.0007,,0.0,,-0.0753,-0.0678
74265,As8Ge1Na8Si1Sr4,31813673b7,Na8Sr4SiGeAs8,"['Na', 'Si', 'Ge', 'As', 'Sr']",22,604.3698,3.3918,1,P1,1,triclinic,-79.1619,-0.6592,-0.0015,,,,-0.0,,-0.0015,-0.001
74358,Na4O22Si8Yb4,318e5415dd,Na2Yb2Si4O11,"['O', 'Na', 'Si', 'Yb']",38,495.23,4.5628,-1,P-1,2,triclinic,-287.5688,-3.2595,-0.0775,,,,0.0,,-0.0775,-0.0004
75006,Ga4Na4S12Si2,31f7d7c7cc,Na2Ga2SiS6,"['Na', 'Si', 'S', 'Ga']",22,522.9725,2.5776,m,Cc,9,monoclinic,-103.6928,-1.1728,-0.0448,,2.6561,,0.0,,-0.0448,-0.0197
75085,La1Na2Pd20Si6,3205da6ec4,Na2La(Si3Pd10)2,"['Na', 'Si', 'Pd', 'La']",29,468.143,8.8031,-43m,F-43m,216,cubic,-162.3465,-0.6419,-0.0315,,,,0.0,,-0.0312,-0.0244
75120,Ge1Na8P8Si1Sr4,320b27655a,Na8Sr4SiGeP8,"['Na', 'Si', 'P', 'Ge', 'Sr']",22,555.1988,2.6407,1,P1,1,triclinic,-84.6324,-0.6336,-0.0039,,,,0.0,,-0.0039,-0.0037
75539,Er1Ir19Na4Si12,3255450d1e,Na4ErSi12Ir19,"['Na', 'Si', 'Er', 'Ir']",36,564.1075,12.5057,mm2,Amm2,38,orthorhombic,-266.1549,-0.6462,-0.0734,,0.0052,,0.0,,-0.0729,-0.0657
76007,Ga8Na1Si6Sr21,32a73afbdb,NaSr21(Ga4Si3)2,"['Na', 'Si', 'Ga', 'Sr']",36,1189.5569,3.6145,m-3m,Fm-3m,225,cubic,-106.6325,-0.3626,-0.0038,,,,0.0,,-0.0037,-0.0027
76775,Au40Na26Si15,332bd822e7,Na26(Si3Au8)5,"['Na', 'Si', 'Au']",81,1523.6614,9.697,mm2,Imm2,44,orthorhombic,-272.0011,-0.3121,-0.0149,,,,0.0,,-0.0149,-0.0072
77200,Ac3Na1Pt4Si4,3376f84104,NaAc3(SiPt)4,"['Na', 'Si', 'Pt', 'Ac']",12,281.4355,9.4207,3,R3,146,trigonal,-70.9726,-0.9414,-0.4987,,,,0.0,,-0.4987,-0.1948
77731,La2Na1Pd19Pt1Si6,33d59db9f4,NaLa2Si6Pd19Pt,"['Na', 'Si', 'Pd', 'La', 'Pt']",29,471.9065,9.4528,3m,R3m,160,trigonal,-169.7706,-0.7425,-0.0213,,,,0.0,,-0.0213,-0.0211
79824,Ca12Li1N20Na3Si8,353ae18eb9,Na3LiCa12(Si2N5)4,"['Li', 'N', 'Na', 'Si', 'Ca']",44,571.574,3.0844,2,C2,5,monoclinic,-294.8138,-1.244,-0.0092,,,,0.0,,-0.0089,-0.0072
80122,As7Na12Pt8Si1,356cb37118,Na12SiAs7Pt8,"['Na', 'Si', 'As', 'Pt']",28,599.5847,6.6165,2,P2,3,monoclinic,-117.967,-0.5513,-0.0973,,,,-0.0,,-0.0973,-0.058
80378,As4Na1Pd20Si2Sr2,359d3d2942,NaSr2Si2(AsPd5)4,"['Na', 'Si', 'As', 'Sr', 'Pd']",29,495.6757,8.9865,4/mmm,I4/mmm,139,tetragonal,-153.9243,-0.5565,-0.0581,,,,0.0,,-0.0581,-0.0525
80432,Na4Rb4Se20Si8,35a6f40e42,RbNaSi2Se5,"['Na', 'Si', 'Se', 'Rb']",36,1143.6934,3.249,mmm,Cmcm,63,orthorhombic,-160.7389,-1.0613,-0.0159,,2.5047,,0.0,,-0.0159,-0.0158
81811,As8Na16Si1Sn1,3694cb6fa1,Na16SiSnAs8,"['Na', 'Si', 'As', 'Sn']",26,680.1616,2.7197,-43m,F-43m,216,cubic,-78.9211,-0.4251,-0.0076,,0.2378,,0.0,,-0.0076,-0.0057
84282,Cu18Na1Si8Th1,383f6d7f64,NaTh(Cu9Si4)2,"['Na', 'Si', 'Cu', 'Th']",28,378.0922,7.1304,422,I422,97,tetragonal,-130.28,-0.1556,-0.0146,,0.0166,,-0.0,,-0.0144,-0.0138
85202,Dy1Na2P4Pd20Si2,38de02adab,Na2DySi2(PPd5)4,"['Na', 'Si', 'P', 'Pd', 'Dy']",29,458.7013,9.1116,m,Cm,8,monoclinic,-161.1711,-0.6144,-0.0643,,,,0.0,,-0.064,-0.0554
85239,Na1Si6Ta5Tc6,38e3eb6eeb,NaTa5(SiTc)6,"['Na', 'Si', 'Tc', 'Ta']",18,271.1835,10.3131,m,Cm,8,monoclinic,-164.8499,-0.5288,-0.0117,,,,0.0,,-0.0117,-0.0113
86900,Ir2Na1P1Si1,39f67e5227,NaSiPIr2,"['Na', 'Si', 'P', 'Ir']",5,81.0432,9.558,4mm,I4mm,107,tetragonal,-32.8021,-0.5928,-0.0671,,0.0322,,0.0,,-0.0671,-0.0192
88271,Dy3Ir19Na2P3Si9,3ad97a0c9d,Na2Dy3Si9P3Ir19,"['Na', 'Si', 'P', 'Dy', 'Ir']",36,560.6009,13.422,mm2,Amm2,38,orthorhombic,-279.372,-0.8308,-0.1338,,0.0014,,0.0,,-0.1338,-0.1069
91269,Co2Na4O16Si6,3cda71eabb,Na2CoSi3O8,"['O', 'Na', 'Si', 'Co']",28,372.9494,2.8243,2,P2_1,4,monoclinic,-208.5331,-2.761,-0.0082,,3.1451,,-0.0,,-0.0082,-0.0081
91701,As8Na16Si2,3d2610dac6,Na8SiAs4,"['Na', 'Si', 'As']",26,654.3317,2.5971,m-3m,Fd-3m,227,cubic,-80.377,-0.4267,-0.0091,,0.1263,,0.0,,-0.0091,-0.0069
93362,As8Li15Na1Si2,3e4e3bcb8d,NaLi15(SiAs4)2,"['Li', 'Na', 'Si', 'As']",26,475.238,2.7347,mm2,Imm2,44,orthorhombic,-94.1817,-0.6193,-0.0307,,0.7321,,0.0,,-0.0307,-0.0195
94091,Ba4Ge1Na4Si7,3ec5018a73,Ba4Na4Si7Ge,"['Na', 'Si', 'Ge', 'Ba']",16,450.9211,3.353,m,Pm,6,monoclinic,-60.232,-0.2916,-0.037,,0.0103,,0.0,,-0.0359,-0.0353
94778,Dy3Ir16Na2P3Rh3Si9,3f3a386b66,Na2Dy3Si9P3Ir16Rh3,"['Na', 'Si', 'P', 'Rh', 'Dy', 'Ir']",36,561.3716,12.611,mm2,Amm2,38,orthorhombic,-276.1191,-0.8633,-0.1295,,,,0.0,,-0.1295,-0.1008
95015,As12Na8Rb12Si4,3f62c027a0,Rb3Na2SiAs3,"['Na', 'Si', 'As', 'Rb']",36,1114.9561,3.3077,mmm,Cmce,64,orthorhombic,-115.2556,-0.425,-0.0096,,0.5568,,0.0,,-0.0096,-0.0092
95174,Co4Ir16Na4Si12,3f7dbd6cbd,NaCoSi3Ir4,"['Na', 'Si', 'Co', 'Ir']",36,525.849,11.8109,mmm,Pnma,62,orthorhombic,-260.5833,-0.565,-0.0893,,0.0052,,0.0,,-0.0888,-0.0803
95291,Na8P12Rb12Si3Zr1,3f913020ce,Rb12Na8Zr(SiP4)3,"['Na', 'Si', 'P', 'Rb', 'Zr']",36,1036.3236,2.8148,2,C2,5,monoclinic,-127.7716,-0.4345,-0.0684,,,,0.0,,-0.0684,-0.0211
96132,Na3P12Si12Tl1,40253b869f,Na3Tl(SiP)12,"['Na', 'Si', 'P', 'Tl']",28,641.7855,2.541,m,Pm,6,monoclinic,-142.6434,-0.2232,-0.0451,,,,0.0,,-0.0451,-0.0191
96718,Au4Na1Si12Yb7,40850a8fb5,NaYb7(Si3Au)4,"['Na', 'Si', 'Yb', 'Au']",24,519.1028,7.5466,mmm,Cmmm,65,orthorhombic,-104.1384,-0.5765,-0.0498,,,,0.0,,-0.0498,-0.0145
99264,Co4Na4O14Si4,422b7a0e44,Na2Co2Si2O7,"['O', 'Na', 'Si', 'Co']",26,335.9885,3.2818,mm2,Ama2,40,orthorhombic,-187.5002,-2.4155,-0.0095,,,,0.0,,-0.0095,-0.0094
100123,Na8O4S8Si4,42c25c1479,Na2SiS2O,"['O', 'Na', 'Si', 'S']",24,492.941,2.0777,2/m,P2_1/c,14,monoclinic,-128.38,-1.8006,-0.0734,,3.5578,,0.0,,-0.0734,-0.0052
100359,Er4Ir19Na1P6Si6,42eb9ac6c8,NaEr4Si6P6Ir19,"['Na', 'Si', 'P', 'Er', 'Ir']",36,557.995,13.9823,m,Pm,6,monoclinic,-283.7238,-0.8658,-0.0771,,0.0188,,0.0,,-0.0771,-0.0706
100796,As8Ca3Na8Si2Sr1,43371e3902,Na8SrCa3(SiAs4)2,"['Na', 'Si', 'Ca', 'As', 'Sr']",22,568.7465,3.0578,1,P1,1,triclinic,-81.4403,-0.6832,-0.0014,,0.6191,,0.0,,-0.0014,-0.0005
101865,Na3Pt3Rh1Si4,43edaca233,Na3Si4Pt3Rh,"['Na', 'Si', 'Rh', 'Pt']",11,209.1681,6.9025,3m,R3m,160,trigonal,-57.8495,-0.6003,-0.0897,,0.0076,,-0.0,,-0.0885,-0.0138
102124,Ga1Na2Pd6Si3,441ab9efe1,Na2Ga(SiPd2)3,"['Na', 'Si', 'Ga', 'Pd']",12,204.026,6.8243,m,Cm,8,monoclinic,-60.5789,-0.6285,-0.0273,,,,0.0,,-0.0273,-0.0271
102433,Ir19Na4Si12Tm1,444bdb694f,Na4TmSi12Ir19,"['Na', 'Si', 'Tm', 'Ir']",36,565.0499,12.4898,mm2,Amm2,38,orthorhombic,-266.0643,-0.6457,-0.0969,,,,0.0,,-0.0969,-0.0826
102576,As9Na20P3Si4,4467d4b11d,Na20Si4(As3P)3,"['Na', 'Si', 'P', 'As']",36,829.7503,2.6804,1,P1,1,triclinic,-121.6355,-0.4253,-0.0077,,0.8733,,0.0,,-0.0077,-0.0058
102681,Na1Pt2Rh4Si4,447beb8b4e,NaSi4(PtRh2)2,"['Na', 'Si', 'Rh', 'Pt']",11,163.546,9.5149,mm2,Amm2,38,orthorhombic,-72.8924,-0.7518,-0.0407,,0.0212,,-0.0,,-0.0403,-0.0194
104740,Au4Na1Si12Tb7,45d4d0fd68,NaTb7(Si3Au)4,"['Na', 'Si', 'Tb', 'Au']",24,482.895,7.7727,mmm,Cmmm,65,orthorhombic,-128.4046,-0.6849,-0.1109,,,,0.0,,-0.1109,-0.0186
109535,Be1Cu17Na2Si8,48f8231b71,Na2BeCu17Si8,"['Be', 'Na', 'Si', 'Cu']",28,376.5228,5.9977,mmm,Fmmm,69,orthorhombic,-121.7492,-0.0813,-0.0295,,0.0022,,0.0,,-0.0292,-0.0286
109697,Cr2Na4O20Si8,4917376d33,Na2Cr(Si2O5)2,"['O', 'Na', 'Si', 'Cr']",34,457.764,2.6866,-1,P-1,2,triclinic,-266.7925,-2.9363,-0.0064,,2.4637,,0.0,,-0.0064,-0.0064
110105,Li2Na10Se14Si4,495bc34d10,Na5LiSi2Se7,"['Li', 'Na', 'Si', 'Se']",30,776.2224,3.1267,2/m,C2/c,15,monoclinic,-122.4065,-1.1573,-0.0078,,2.2604,,0.0,,-0.0078,-0.0064
113619,Ca1Na4S6Si2,4bb424d66b,Na4Ca(SiS3)2,"['Na', 'Si', 'S', 'Ca']",13,285.8478,2.211,2,C2,5,monoclinic,-61.717,-1.4425,-0.0971,,3.2715,,-0.0,,-0.0971,-0.0437
114141,Na8Se12Si3Sn1,4c0b776fcf,Na8Si3SnSe12,"['Na', 'Si', 'Se', 'Sn']",24,666.3475,3.3253,1,P1,1,triclinic,-98.5598,-1.0726,-0.0012,,1.8009,,0.0,,-0.0012,-0.0007
115536,Na1P12Rb3Si12,4cf1a806a0,Rb3Na(SiP)12,"['Na', 'Si', 'P', 'Rb']",28,700.0272,2.3439,m,Pm,6,monoclinic,-142.5826,-0.2947,-0.0857,,,,0.0,,-0.0857,-0.0585
116182,Ir6Na1Np1Si14,4d5d95176c,NaNp(Si7Ir3)2,"['Na', 'Si', 'Ir', 'Np']",22,337.2941,8.8936,-3,R-3,148,trigonal,-154.3258,-0.5032,-0.0108,,0.0011,,0.0,,-0.0106,-0.0101
116724,Au4Gd11Na1Si12,4db5b96301,NaGd11(Si3Au)4,"['Na', 'Si', 'Gd', 'Au']",28,609.5867,7.8388,m,Pm,6,monoclinic,-255.1114,-0.733,-0.0404,,,,0.0,,-0.0404,-0.0308
117461,Mn2Na4O20Si8,4e34b775c8,Na2Mn(Si2O5)2,"['O', 'Na', 'Si', 'Mn']",34,466.9726,2.6546,-1,P-1,2,triclinic,-266.0722,-2.944,-0.0071,,inf,,0.0,,-0.0071,-0.0071
117942,Li8Na1P12Rb11Si4,4e84a9cf5a,Rb11NaLi8(SiP3)4,"['Li', 'Na', 'Si', 'P', 'Rb']",36,902.6846,2.7643,1,P1,1,triclinic,-132.1572,-0.5032,-0.1002,,,,0.0,,-0.1002,-0.0105
119596,Na1Pd6Si4Sr1,4f9683d821,NaSr(Si2Pd3)2,"['Na', 'Si', 'Sr', 'Pd']",12,209.0733,6.8421,mm2,Imm2,44,orthorhombic,-64.2013,-0.7007,-0.0289,,0.0188,,0.0,,-0.0289,-0.0252
120061,B4Na1Rh10Sc3Si2,4fe5a10db5,NaSc3Si2(B2Rh5)2,"['B', 'Na', 'Si', 'Sc', 'Rh']",20,262.9826,8.1222,mm2,Amm2,38,orthorhombic,-147.3553,-0.7912,-0.0562,,0.0065,,-0.0,,-0.0559,-0.0121
120207,Na2Pt9Si7V3,4ff9d8eb78,Na2V3Si7Pt9,"['Na', 'Si', 'V', 'Pt']",21,327.3562,10.9119,-6,P-6,174,hexagonal,-136.7378,-0.6774,-0.074,,0.0022,,0.0,,-0.0736,-0.037
120414,Ca1Na5Rh8Si24,501ff0cd9f,Na5Ca(Si3Rh)8,"['Na', 'Si', 'Ca', 'Rh']",38,616.7444,4.4488,2,C2,5,monoclinic,-212.8735,-0.3977,-0.009,,,,0.0,,-0.009,-0.0087
122017,As8Ca4Na8Si1Ti1,513df81a07,Na8Ca4TiSiAs8,"['Na', 'Si', 'Ca', 'Ti', 'As']",22,565.3763,2.9945,1,P1,1,triclinic,-85.5179,-0.7419,-0.017,,1.1534,,0.0,,-0.017,-0.0159
122642,Na2Pd6Si3Zn1,51a5da2c55,Na2Zn(SiPd2)3,"['Na', 'Si', 'Zn', 'Pd']",12,203.8984,6.7934,m,Cm,8,monoclinic,-58.3587,-0.5916,-0.0125,,0.0348,,-0.0,,-0.0122,-0.012
122710,As8Na16Si1Ti1,51b232cb30,Na16TiSiAs8,"['Na', 'Si', 'Ti', 'As']",26,658.1565,2.6319,-43m,F-43m,216,cubic,-84.2512,-0.4807,-0.0073,,0.4793,,0.0,,-0.0073,-0.0056
122948,Na1Ru8Si24Yb5,51d86f7481,NaYb5(Si3Ru)8,"['Na', 'Si', 'Ru', 'Yb']",38,619.3076,6.3568,2,C2,5,monoclinic,-232.7198,-0.5078,-0.0215,,0.0027,,-0.0,,-0.0213,-0.0201
123184,Ag2Na10Se14Si4,51ffb2eaa3,Na5Si2AgSe7,"['Na', 'Si', 'Se', 'Ag']",30,777.8253,3.5511,2/m,C2/c,15,monoclinic,-120.773,-1.0413,-0.0111,,1.5751,,0.0,,-0.0111,-0.0088
123901,Ir3Na1Rh3Si4,527d12d828,NaSi4(IrRh)3,"['Na', 'Si', 'Rh', 'Ir']",11,162.1214,10.4546,-6m2,P-6m2,187,hexagonal,-79.2211,-0.6899,-0.0596,,0.0045,,0.0,,-0.0592,-0.0539
124195,Fe1Na1O33Pb9Si9Sr4,52aa69206c,NaSr4FeSi9(Pb3O11)3,"['O', 'Na', 'Si', 'Fe', 'Sr', 'Pb']",57,856.8202,5.9592,-6,P-6,174,hexagonal,-415.3456,-2.6889,-0.0037,,,,0.0,,-0.0037,-0.0037
125057,Na4Nd4O16Si4,5339e1c047,NaNdSiO4,"['O', 'Na', 'Si', 'Nd']",28,406.4191,4.238,mmm,Pnma,62,orthorhombic,-217.5572,-3.2974,-0.0197,,4.0234,,0.0,,-0.0197,-0.0066
125258,Ca1Ge1Na4Se6Si1,535be5b1e6,Na4CaSiGeSe6,"['Na', 'Si', 'Ca', 'Ge', 'Se']",13,337.9829,3.4712,1,P1,1,triclinic,-54.6397,-1.2554,-0.0121,,,,-0.0,,-0.0147,-0.0144
126089,Ir19Na2Si12Zr3,53ed03a24b,Na2Zr3Si12Ir19,"['Na', 'Si', 'Zr', 'Ir']",36,556.7118,12.8521,mm2,Amm2,38,orthorhombic,-288.3606,-0.7511,-0.0608,,0.0145,,0.0,,-0.0605,-0.0533
126687,Na1Si16W12Yb7,54525c0b4f,NaYb7(Si4W3)4,"['Na', 'Si', 'Yb', 'W']",36,601.9174,10.7308,1,P1,1,triclinic,-266.4009,-0.3333,-0.0031,,0.012,,0.0,,-0.0029,-0.0018
127304,As12Na20Si2Ti2,54be474622,Na10TiSiAs6,"['Na', 'Si', 'Ti', 'As']",36,852.2384,2.9436,2,P2_1,4,monoclinic,-126.8387,-0.4955,-0.0072,,0.9361,,0.0,,-0.0072,-0.0053
127619,Ca1Ir8Na5Si24,54f2042b23,Na5Ca(Si3Ir)8,"['Na', 'Si', 'Ca', 'Ir']",38,616.7444,6.3725,2,C2,5,monoclinic,-225.1866,-0.4119,-0.0045,,0.0054,,0.0,,-0.0039,-0.0038
127905,Li4Na1Nd3Si8,5520b27ff1,NaLi4Nd3Si8,"['Li', 'Na', 'Si', 'Nd']",16,320.0096,3.6747,m,Pm,6,monoclinic,-73.2891,-0.414,-0.0083,,inf,,-0.0,,-0.008,-0.0054
128645,Au2Ga4Na4Si2,559eb6a121,Na2Ga2SiAu,"['Na', 'Si', 'Ga', 'Au']",12,245.9254,5.5433,mm2,Pmc2_1,26,orthorhombic,-37.5427,-0.2285,-0.0296,,0.004,,0.0,,-0.0296,-0.0019
129231,Ac16Na1Si16Yb3,5602f4e39a,NaAc16Yb3Si16,"['Na', 'Si', 'Yb', 'Ac']",36,1078.845,7.1164,m,Pm,6,monoclinic,-177.9419,-0.5349,-0.3102,,0.0006,,-0.0,,-0.3101,-0.244
129289,Li2Na10S14Si4,560db0f57f,Na5LiSi2S7,"['Li', 'Na', 'Si', 'S']",30,659.897,2.0258,2/m,C2/c,15,monoclinic,-136.154,-1.3166,-0.0781,,3.2489,,0.0,,-0.0781,-0.0209
129685,Ir19Na2Si12Y3,564e8806c7,Na2Y3Si12Ir19,"['Na', 'Si', 'Y', 'Ir']",36,567.6797,12.5835,-6m2,P-62m,189,hexagonal,-284.2373,-0.8097,-0.1037,,,,0.0,,-0.1037,-0.0948
130391,Na4O16Si4Tb4,56c802db48,NaTbSiO4,"['O', 'Na', 'Si', 'Tb']",28,382.226,4.7614,mmm,Pnma,62,orthorhombic,-218.8076,-3.3611,-0.0408,,4.2178,,0.0,,-0.0408,-0.029
131464,Na1Si16W12Y7,5777674911,NaY7(Si4W3)4,"['Na', 'Si', 'Y', 'W']",36,605.9079,9.046,1,P1,1,triclinic,-306.0717,-0.4773,-0.0301,,0.0101,,-0.0,,-0.03,-0.0298
134356,Gd2Na1Pd4Si12Yb5,596aec5ded,NaYb5Gd2(Si3Pd)4,"['Na', 'Si', 'Pd', 'Gd', 'Yb']",24,480.8772,6.7868,mmm,Cmmm,65,orthorhombic,-140.2853,-0.7204,-0.1008,,,,0.0,,-0.1006,-0.0361
135088,F2Na6S6Si2,59e2f26d63,Na3SiS3F,"['F', 'Na', 'Si', 'S']",16,338.9719,2.0795,mm2,Cmc2_1,36,orthorhombic,-74.7008,-1.7046,-0.0665,,3.1545,,0.0,,-0.0665,-0.0247
135745,La4Na4O56Si24,5a515d84e8,NaLa(Si3O7)2,"['O', 'Na', 'Si', 'La']",88,1214.9751,3.0309,mmm,Ibam,72,orthorhombic,-722.3571,-3.2956,-0.0006,,,,0.0,,-0.0006,-0.0006
136512,Na6Pd1Si12Sr2Zn3,5ad9a28fec,Na6Sr2Zn3Si12Pd,"['Na', 'Si', 'Zn', 'Sr', 'Pd']",24,538.5115,2.9382,-6m2,P-6m2,187,hexagonal,-89.6345,-0.1774,-0.0121,,,,0.0,,-0.011,-0.0015
137751,Au2Dy1Na1Si2,5ba570742d,NaDy(SiAu)2,"['Na', 'Si', 'Dy', 'Au']",6,117.9477,8.9483,mm2,Imm2,44,orthorhombic,-26.6299,-0.5504,-0.0643,,0.0052,,0.0,,-0.0643,-0.0132
138268,Au2Na1Si2Tm1,5bfe8dbf15,NaTm(SiAu)2,"['Na', 'Si', 'Tm', 'Au']",6,115.9949,9.191,mm2,Imm2,44,orthorhombic,-26.4291,-0.5387,-0.0702,,0.0233,,-0.0,,-0.0702,-0.0263
138649,Ge1Na8Se12Si3,5c3ff77ff2,Na8Si3GeSe12,"['Na', 'Si', 'Ge', 'Se']",24,646.3349,3.3099,1,P1,1,triclinic,-99.0124,-1.0659,-0.0013,,1.9937,,0.0,,-0.0013,-0.0009
139407,Na1Os8Si24Tb5,5cc49ec29c,NaTb5(Si3Os)8,"['Na', 'Si', 'Tb', 'Os']",38,622.9102,8.0333,2,C2,5,monoclinic,-263.8987,-0.5099,-0.0082,,0.0024,,0.0,,-0.0081,-0.0019
140653,Eu1Na2Pt4Si4,5da109ac5e,Na2Eu(SiPt)4,"['Na', 'Si', 'Eu', 'Pt']",11,215.0825,8.4201,-42m,I-42m,121,tetragonal,-67.0715,-0.7409,-0.08,,0.0214,,-0.0,,-0.0792,-0.0047
141508,Ge1Na16P8Si1,5e2ef5ab76,Na16SiGeP8,"['Na', 'Si', 'P', 'Ge']",26,603.5959,1.9707,-43m,F-43m,216,cubic,-84.1838,-0.3719,-0.0033,,0.3502,,0.0,,-0.0033,-0.0025
142635,Er7Na1Si16W12,5eea8dd21d,NaEr7(Si4W3)4,"['Na', 'Si', 'Er', 'W']",36,597.7911,10.6924,1,P1,1,triclinic,-293.2751,-0.491,-0.0546,,0.0029,,-0.0,,-0.0545,-0.0543
142849,La3Na1Pt6Si10,5f1101e848,NaLa3(Si5Pt3)2,"['Na', 'Si', 'La', 'Pt']",20,361.4514,8.6877,m,Cm,8,monoclinic,-124.3172,-0.8754,-0.033,,0.008,,0.0,,-0.0328,-0.0231
143297,Cu1Na3Pt3Si4,5f5e76491f,Na3CuSi4Pt3,"['Na', 'Si', 'Cu', 'Pt']",11,208.8739,6.5993,3m,R3m,160,trigonal,-52.9256,-0.4495,-0.0804,,0.0039,,0.0,,-0.0792,-0.0044
144463,Fe1Li4Na8O60Sc3Si24,60225ddf39,Na8Li4Sc3Fe(Si2O5)12,"['Li', 'O', 'Na', 'Si', 'Sc', 'Fe']",100,1278.7234,2.6445,2,C2,5,monoclinic,-785.0954,-3.1233,-0.0039,,,,0.0,,-0.0039,-0.0022
145006,B8Na6Pt12Rh6Si2,607e44d879,Na3SiB4(Pt2Rh)3,"['B', 'Na', 'Si', 'Rh', 'Pt']",34,495.8746,10.8466,2,C2,5,monoclinic,-205.1001,-0.466,-0.0146,,0.0085,,0.0,,-0.0143,-0.0135
145451,As12Li8Mg1Na12Si3,60ca494770,Na12Li8Mg(SiAs4)3,"['Li', 'Na', 'Mg', 'Si', 'As']",36,755.1672,2.9444,2,C2,5,monoclinic,-123.6224,-0.5193,-0.0167,,,,0.0,,-0.0167,-0.0069
146046,Na8P8Si2Yb4,6129c7f8ef,Na4Yb2SiP4,"['Na', 'Si', 'P', 'Yb']",22,502.4388,3.9,m,Cc,9,monoclinic,-86.2386,-0.6974,-0.1832,,0.9757,,0.0,,-0.1832,-0.0484
146441,Br18Hf6Na4Si1,616e58de2e,Na4Hf6SiBr18,"['Na', 'Si', 'Br', 'Hf']",29,886.7811,4.9234,-1,P-1,2,triclinic,-149.7879,-1.7195,-0.0401,,1.5266,,0.0,,-0.0401,-0.0148
147684,Lu4Na12O60Si24,6244748c2d,Na3Lu(Si2O5)3,"['O', 'Na', 'Si', 'Lu']",100,1417.7975,3.0566,mmm,Cmce,64,orthorhombic,-779.0573,-3.1796,-0.0081,,,,0.0,,-0.0081,-0.008
150881,Co12Na2P6Si1,646661a460,Na2Co12SiP6,"['Na', 'Si', 'P', 'Co']",21,246.0798,6.526,-6,P-6,174,hexagonal,-137.3925,-0.5496,-0.0513,,0.0078,,0.0,,-0.0513,-0.0098
151178,Al2Au1Na1Si1,64984949aa,NaAl2SiAu,"['Na', 'Al', 'Si', 'Au']",5,95.2401,5.2655,4mm,I4mm,107,tetragonal,-18.9557,-0.2886,-0.0343,,,,0.0,,-0.0338,-0.028
151210,Na3Pd20Si6,649bf16f88,Na3(Si3Pd10)2,"['Na', 'Si', 'Pd']",29,460.3504,8.534,m-3m,Fm-3m,225,cubic,-156.1539,-0.553,-0.0464,,0.0075,,-0.0,,-0.0464,-0.031
152612,Dy1Na1Rh6Si14,659842e787,NaDy(Si7Rh3)2,"['Na', 'Si', 'Rh', 'Dy']",22,334.9874,5.9292,-3,R-3,148,trigonal,-138.5594,-0.5677,-0.0088,,0.013,,-0.0,,-0.0086,-0.0084
154580,As2Na1Pd20Si4Sm2,66e042226a,NaSm2Si4(AsPd10)2,"['Na', 'Si', 'As', 'Pd', 'Sm']",29,477.7312,9.4346,4/mmm,I4/mmm,139,tetragonal,-164.9834,-0.6761,-0.0218,,,,0.0,,-0.0218,-0.0196
155032,Ba1Na4S6Si2,67302f10a0,BaNa4(SiS3)2,"['Na', 'Si', 'S', 'Ba']",13,313.1927,2.5335,2,C2,5,monoclinic,-61.5416,-1.4356,-0.0843,,3.0368,,-0.0,,-0.0843,-0.0177
155735,Ge7Na12Pt8Si1,67aafbbb3a,Na12SiGe7Pt8,"['Na', 'Si', 'Ge', 'Pt']",28,614.205,6.4159,2,P2,3,monoclinic,-113.806,-0.4136,-0.0203,,0.0001,,-0.0,,-0.0193,-0.0095
157676,Ge4Na12Pt8Si4,68e45c2937,Na3SiGePt2,"['Na', 'Si', 'Ge', 'Pt']",28,602.9258,6.1678,mmm,Pbcm,57,orthorhombic,-117.5499,-0.4614,-0.074,,0.006,,0.0,,-0.0726,-0.0334
160187,As5Na20P7Si4,6a85b7808b,Na20Si4As5P7,"['Na', 'Si', 'P', 'As']",36,805.2894,2.3993,1,P1,1,triclinic,-124.5731,-0.4231,-0.0075,,1.0765,,0.0,,-0.0075,-0.0065
160191,Mn2Na4S12Si4,6a860872df,Na2Mn(SiS3)2,"['Na', 'Si', 'S', 'Mn']",22,511.6599,2.2684,m,Cc,9,monoclinic,-119.7326,-1.1264,-0.0144,,1.6642,,0.0,,-0.0144,-0.0063
161251,As8Na8Si2Yb4,6b463d6183,Na4Yb2SiAs4,"['Na', 'Si', 'As', 'Yb']",22,549.3304,4.6299,m,Cc,9,monoclinic,-80.1311,-0.694,-0.0479,,0.5973,,0.0,,-0.0479,-0.0396
163039,Cu18Ge1Na1Si7Sr1,6c7354ef62,NaSrCu18Si7Ge,"['Na', 'Si', 'Cu', 'Ge', 'Sr']",28,385.9893,6.5549,1,P1,1,triclinic,-123.3675,-0.1418,-0.0068,,,,0.0,,-0.0068,-0.0065
163758,Ba9Bi2Na1Si4,6cea85cd7c,Ba9Na(Si2Bi)2,"['Na', 'Si', 'Ba', 'Bi']",16,636.9819,4.6643,4/m,I4/m,87,tetragonal,-56.7038,-0.5393,-0.0378,,0.024,,0.0,,-0.0375,-0.0366
164355,Li1Na3P12Si12,6d4957cf94,Na3Li(SiP)12,"['Li', 'Na', 'Si', 'P']",28,612.5971,2.1268,m,Pm,6,monoclinic,-142.9191,-0.2493,-0.0389,,1.4923,,0.0,,-0.0389,-0.0079
164824,Ag2Na10S14Si4,6d996c0df1,Na5Si2AgS7,"['Na', 'Si', 'S', 'Ag']",30,668.1533,2.5024,2/m,C2/c,15,monoclinic,-134.1495,-1.1883,-0.0573,,2.3124,,0.0,,-0.0573,-0.0234
165185,Al8Eu3Ge2Na1Si2,6dd8a9cbe2,NaEu3Al8(SiGe)2,"['Na', 'Al', 'Si', 'Ge', 'Eu']",16,342.3864,4.3464,m,Pm,6,monoclinic,-88.7042,-0.4028,-0.0744,,0.0097,,0.0,,-0.0744,-0.0652
168150,Ho7Na1Pt4Si12,6fd9cce41c,NaHo7(Si3Pt)4,"['Na', 'Si', 'Ho', 'Pt']",24,463.4711,8.2221,mm2,Amm2,38,orthorhombic,-143.9843,-0.883,-0.0763,,,,0.0,,-0.0763,-0.0096
168365,Mo1Na2O12Sc1Si4,7000913469,Na2ScSi4MoO12,"['O', 'Na', 'Si', 'Sc', 'Mo']",20,238.9239,3.4139,2,C2,5,monoclinic,-161.854,-3.0473,-0.0164,,,,0.0,,-0.0164,-0.0136
169331,Na1Pt6Si10Yb3,70a30138b2,NaYb3(Si5Pt3)2,"['Na', 'Si', 'Yb', 'Pt']",20,345.9366,9.5689,m,Cm,8,monoclinic,-112.1656,-0.7773,-0.0648,,0.0044,,0.0,,-0.0646,-0.0411
169513,Na9Rb7Se16Si4,70c6d229aa,Rb7Na9(SiSe4)4,"['Na', 'Si', 'Se', 'Rb']",36,1128.9988,3.2077,m,Pm,6,monoclinic,-140.6248,-1.2284,-0.0676,,2.0948,,0.0,,-0.0676,-0.0176
170920,Al2Ga2Na4Se12Si2,71b6032194,Na2AlGaSiSe6,"['Na', 'Al', 'Si', 'Ga', 'Se']",22,608.4623,3.5179,m,Cc,9,monoclinic,-95.4939,-1.0843,-0.0117,,2.0693,,0.0,,-0.0117,-0.0076
171081,Ba1Na1Pd20Si6Y1,71d05737e5,BaNaY(Si3Pd10)2,"['Na', 'Si', 'Y', 'Pd', 'Ba']",29,478.4048,8.8376,-43m,F-43m,216,cubic,-165.5822,-0.6802,-0.0364,,,,0.0,,-0.0363,-0.0363
171167,As12Ge1Hf2Na20Si1,71e0a15fc8,Na20Hf2SiGeAs12,"['Na', 'Si', 'Ge', 'As', 'Hf']",36,870.7247,3.4643,1,P1,1,triclinic,-130.2531,-0.4981,-0.0036,,0.7561,,0.0,,-0.0036,-0.002
171542,Al4Na4S12Si2,7222f5d28b,Na2Al2SiS6,"['Na', 'Al', 'Si', 'S']",22,515.0679,2.066,m,Cc,9,monoclinic,-110.5585,-1.3545,-0.0522,,3.1058,,0.0,,-0.0522,-0.0128
174713,Ce1Na1Rh6Si14,7445da4d02,NaCe(Si7Rh3)2,"['Na', 'Si', 'Rh', 'Ce']",22,337.7157,5.7712,-3,R-3,148,trigonal,-139.8072,-0.5642,-0.0027,,0.0054,,0.0,,-0.0025,-0.0023
175067,Li3Na5P12Rb12Si4,748176b175,Rb12Na5Li3(SiP3)4,"['Li', 'Na', 'Si', 'P', 'Rb']",36,976.9493,2.7967,2,C2,5,monoclinic,-126.2642,-0.4305,-0.0887,,,,0.0,,-0.0887,-0.0116
175505,Ge1Na4P12Si11,74cdb559d3,Na4Si11GeP12,"['Na', 'Si', 'P', 'Ge']",28,624.6432,2.2469,m,Pm,6,monoclinic,-141.3518,-0.2429,-0.0439,,1.4774,,0.0,,-0.0454,-0.0106
175885,Ac16Ag1Na4Si15,750e5f5f6a,Na4Ac16Si15Ag,"['Na', 'Si', 'Ag', 'Ac']",36,1087.7804,6.4925,1,P1,1,triclinic,-173.2582,-0.4944,-0.3202,,,,0.0,,-0.3202,-0.234
176512,In1Na2Pd6Si3,7579317688,Na2In(SiPd2)3,"['Na', 'Si', 'Pd', 'In']",12,214.7157,6.8333,m,Cm,8,monoclinic,-59.7263,-0.5812,-0.0078,,0.0076,,-0.0,,-0.0076,-0.0067
176664,Dy1Na1Pa2Pt6Si10,75921c0636,NaDyPa2(Si5Pt3)2,"['Na', 'Si', 'Dy', 'Pt', 'Pa']",20,345.7124,10.0816,m,Cm,8,monoclinic,-131.0541,-0.7708,-0.1127,,,,-0.0,,-0.1125,-0.0358
177731,Mn4Na8O20Si6,7646279f5b,Na4Mn2Si3O10,"['O', 'Na', 'Si', 'Mn']",38,500.9672,2.9573,2/m,C2/c,15,monoclinic,-280.0276,-2.6655,-0.0038,,2.4217,,0.0,,-0.0038,-0.0036
177769,Ir6Lu1Na1Si14,764d089f3c,NaLu(Si7Ir3)2,"['Na', 'Si', 'Lu', 'Ir']",22,336.1351,8.6178,-3,R-3,148,trigonal,-148.0043,-0.5989,-0.0412,,0.0275,,0.0,,-0.041,-0.0409
178855,Al12Na1Ru8Si12Tm5,770990872d,NaTm5Al12(Si3Ru2)4,"['Na', 'Al', 'Si', 'Ru', 'Tm']",38,592.8819,6.5455,mm2,Amm2,38,orthorhombic,-232.7878,-0.6537,-0.0206,,0.0026,,-0.0,,-0.0205,-0.0205
179181,Au41Na26Si14,7742a3cd1b,Na26Si14Au41,"['Na', 'Si', 'Au']",81,1527.5525,9.8559,mmm,Immm,71,orthorhombic,-270.2707,-0.3159,-0.0141,,,,0.0,,-0.0141,-0.007
179583,Be2Cu16Na2Si8,778e3a1649,NaBe(Cu2Si)4,"['Be', 'Na', 'Si', 'Cu']",28,370.1161,5.8568,4/mmm,I4/mcm,140,tetragonal,-121.6399,-0.0902,-0.035,,0.0104,,0.0,,-0.0347,-0.0341
179996,Ir8Na3Si24Yb3,77d08d31a8,Na3Yb3(Si3Ir)8,"['Na', 'Si', 'Yb', 'Ir']",38,616.6169,7.54,2,C2,5,monoclinic,-228.9835,-0.5127,-0.0599,,0.0141,,0.0,,-0.0595,-0.019
180173,Na4O16Si4Tm4,77ee1ef183,NaTmSiO4,"['O', 'Na', 'Si', 'Tm']",28,366.8004,5.1429,mmm,Pnma,62,orthorhombic,-219.0541,-3.3926,-0.0451,,4.3346,,0.0,,-0.0451,-0.024
180192,Cs7Na8P12Rb5Si4,77f0fea692,Cs7Rb5Na8(SiP3)4,"['Na', 'Si', 'P', 'Rb', 'Cs']",36,1069.3596,3.1455,1,P1,1,triclinic,-122.5376,-0.3924,-0.0126,,1.1691,,0.0,,-0.0126,-0.0061
180364,La9Na1Si4Sn2,780c12b369,NaLa9(Si2Sn)2,"['Na', 'Si', 'Sn', 'La']",16,478.7415,5.6291,4/m,I4/m,87,tetragonal,-85.6366,-0.6356,-0.0256,,0.0038,,0.0,,-0.0253,-0.0246
180762,Na12Se12Si4,78527fa813,Na3SiSe3,"['Na', 'Si', 'Se']",28,718.1077,3.0887,2/m,P2_1/c,14,monoclinic,-111.1802,-1.1306,-0.0045,,2.5175,,0.0,,-0.0045,-0.0037
181065,Dy1Ir19Na4Si12,78852254b4,Na4DySi12Ir19,"['Na', 'Si', 'Dy', 'Ir']",36,565.0499,12.4709,mm2,Amm2,38,orthorhombic,-266.1943,-0.6462,-0.0888,,0.0025,,0.0,,-0.0883,-0.0739
183337,Ho4Na4O16Si4,7a023c035d,NaHoSiO4,"['O', 'Na', 'Si', 'Ho']",28,374.1297,4.9711,mmm,Pnma,62,orthorhombic,-219.0003,-3.3754,-0.0453,,4.2898,,0.0,,-0.0453,-0.0315
183385,In1Na3P12Si12,7a0ac94843,Na3In(SiP)12,"['Na', 'Si', 'P', 'In']",28,626.478,2.3657,m,Pm,6,monoclinic,-142.6824,-0.2107,-0.0275,,0.9926,,0.0,,-0.0275,-0.0015
183655,Lu7Na1Si16W12,7a3af53744,NaLu7(Si4W3)4,"['Na', 'Si', 'Lu', 'W']",36,589.5974,10.993,1,P1,1,triclinic,-293.1837,-0.4976,-0.0708,,0.0006,,-0.0,,-0.0707,-0.0706
183682,Ge1Ir2Na2Si1,7a3fb19bb7,Na2SiGeIr2,"['Na', 'Si', 'Ge', 'Ir']",6,113.8414,7.7474,4mm,P4mm,99,tetragonal,-32.8051,-0.4217,-0.0621,,,,0.0,,-0.0621,-0.0327
184820,Ir6Na1Si14Th1,7afc80da21,NaTh(Si7Ir3)2,"['Na', 'Si', 'Ir', 'Th']",22,342.9466,8.7229,-3,R-3,148,trigonal,-151.0083,-0.6039,-0.0319,,0.0294,,0.0,,-0.0317,-0.0316
186347,Cu18Na2Si8,7bfa630a39,NaCu9Si4,"['Na', 'Si', 'Cu']",28,382.4836,6.141,4/mmm,I4/mcm,140,tetragonal,-121.7202,-0.0674,-0.0191,,,,0.0,,-0.0188,-0.0181
186670,Na1Pr9Si4Sn2,7c39228e4c,NaPr9(Si2Sn)2,"['Na', 'Si', 'Sn', 'Pr']",16,461.0956,5.9094,4/m,I4/m,87,tetragonal,-83.9182,-0.6154,-0.0272,,0.0032,,0.0,,-0.0269,-0.0264
187249,Ir19Na5P8Si4,7c979f9b2f,Na5Si4P8Ir19,"['Na', 'Si', 'P', 'Ir']",36,548.5495,12.4936,m,Pm,6,monoclinic,-259.4557,-0.5529,-0.1134,,0.0113,,0.0,,-0.1134,-0.0799
187570,Ir19Na5P2Si10,7ccd640970,Na5Si10P2Ir19,"['Na', 'Si', 'P', 'Ir']",36,558.8028,12.2129,mm2,Amm2,38,orthorhombic,-260.5333,-0.5809,-0.099,,0.0009,,0.0,,-0.099,-0.0867
187639,Ir4Na3P3Si1,7cdb3aa1c9,Na3SiP3Ir4,"['Na', 'Si', 'P', 'Ir']",11,196.9781,8.0831,3m,R3m,160,trigonal,-67.0407,-0.5504,-0.0875,,0.0106,,0.0,,-0.0875,-0.0222
190169,Na12S14Si4,7e904b54af,Na6Si2S7,"['Na', 'Si', 'S']",30,689.076,2.0173,2/m,C2/c,15,monoclinic,-134.455,-1.2991,-0.0891,,3.0662,,0.0,,-0.0891,-0.0156
190199,Na2Nb20O38Si2,7e936e607d,NaNb10SiO19,"['O', 'Na', 'Si', 'Nb']",62,788.3881,5.4094,6,P6_3,173,hexagonal,-576.6904,-2.7925,-0.0069,,,,-0.0,,-0.0069,-0.0069
190283,Ac16Na3Si16Yb1,7ea224354a,Na3Ac16YbSi16,"['Na', 'Si', 'Yb', 'Ac']",36,1079.7916,6.6486,m,Pm,6,monoclinic,-176.601,-0.5097,-0.321,,0.0028,,0.0,,-0.3206,-0.2427
191448,Ir8Na5Si24Yb1,7f6ff7b5f5,Na5Yb(Si3Ir)8,"['Na', 'Si', 'Yb', 'Ir']",38,615.1522,6.7479,2,C2,5,monoclinic,-224.9898,-0.419,-0.0322,,0.0144,,0.0,,-0.0316,-0.018
191450,Ac16Na4Si16,7f70305c9c,Na(AcSi)4,"['Na', 'Si', 'Ac']",36,1080.214,6.4154,mmm,Pnma,62,orthorhombic,-175.8145,-0.4939,-0.3231,,0.0049,,0.0,,-0.3226,-0.2389
191791,As8Na16Si1Zr1,7fa9eb30ac,Na16ZrSiAs8,"['Na', 'Si', 'As', 'Zr']",26,674.5164,2.6748,-43m,F-43m,216,cubic,-85.0764,-0.4873,-0.0165,,0.5091,,0.0,,-0.0165,-0.0147
191899,Li4Mo1Na4O60Si24Zr3,7fb9fe1840,Na4Li4Zr3Si24MoO60,"['Li', 'O', 'Na', 'Si', 'Zr', 'Mo']",96,1317.2303,2.6768,2,C2,5,monoclinic,-782.1858,-3.1839,-0.0019,,,,0.0,,-0.0019,-0.0007
192419,Ca1Na1Pd6Si4,80136c1af6,NaCa(Si2Pd3)2,"['Na', 'Si', 'Ca', 'Pd']",12,204.1456,6.6206,mm2,Imm2,44,orthorhombic,-64.6472,-0.7115,-0.0226,,0.0063,,0.0,,-0.0226,-0.01
192533,Na3P4Pd20Si2,80276d6e52,Na3Si2(PPd5)4,"['Na', 'Si', 'P', 'Pd']",29,454.6004,8.6842,4/mmm,I4/mmm,139,tetragonal,-155.1536,-0.5197,-0.0815,,,,0.0,,-0.0815,-0.0647
192936,Na2Nd2S8Si2,806a43ab83,NaNdSiS4,"['Na', 'Si', 'S', 'Nd']",14,337.5658,3.1835,2,P2_1,4,monoclinic,-79.0034,-1.6343,-0.021,,2.6304,,0.0,,-0.021,-0.021
193893,Na2Nd1Pr1Se8Si2,810e3b7ebc,Na2PrNd(SiSe4)2,"['Na', 'Si', 'Se', 'Pr', 'Nd']",14,389.2804,4.3466,1,P1,1,triclinic,-71.0491,-1.4312,-0.0119,,2.1552,,0.0,,-0.0119,-0.0113
194305,Ca2Na1Pt6Si10Y1,815219271b,NaCa2Y(Si5Pt3)2,"['Na', 'Si', 'Ca', 'Y', 'Pt']",20,347.8498,7.8452,m,Cm,8,monoclinic,-117.9306,-0.7726,-0.0218,,,,0.0,,-0.0216,-0.0073
194869,Ir19Na4Si12Sr1,81b3748374,Na4SrSi12Ir19,"['Na', 'Si', 'Sr', 'Ir']",36,569.701,12.1508,mm2,Amm2,38,orthorhombic,-261.526,-0.5976,-0.0962,,0.0042,,-0.0,,-0.0957,-0.0613
195852,As12Na20Si1Ti3,82515578e5,Na20Ti3SiAs12,"['Na', 'Si', 'Ti', 'As']",36,855.0728,2.9723,1,P1,1,triclinic,-130.5131,-0.5289,-0.006,,0.5861,,0.0,,-0.006,-0.0045
196008,Li6Na10S16Si4,826c787bc9,Na5Li3(SiS4)2,"['Li', 'Na', 'Si', 'S']",36,737.2164,2.0203,2/m,C2/c,15,monoclinic,-161.2914,-1.3536,-0.0687,,2.8877,,0.0,,-0.0687,-0.0206
196070,Fe2Na4O20Si8,827684fe66,Na2Fe(Si2O5)2,"['O', 'Na', 'Si', 'Fe']",34,460.2017,2.7002,-1,P-1,2,triclinic,-262.5902,-2.8823,-0.0058,,2.9276,,0.0,,-0.0058,-0.0057
197718,Ir8Na1Si24Yb5,8395028a11,NaYb5(Si3Ir)8,"['Na', 'Si', 'Yb', 'Ir']",38,619.3096,8.3119,2,C2,5,monoclinic,-232.6536,-0.5978,-0.0791,,0.0043,,0.0,,-0.079,-0.0116
197812,Na2Pt4Si4Sr1,83a51e2662,Na2Sr(SiPt)4,"['Na', 'Si', 'Sr', 'Pt']",11,214.5122,7.9444,-42m,I-42m,121,tetragonal,-58.2582,-0.7217,-0.0845,,0.0305,,-0.0,,-0.0837,-0.0195
197922,Na1Rh6Si4,83b9f9e4c2,Na(Si2Rh3)2,"['Na', 'Si', 'Rh']",11,160.9653,7.7656,-6m2,P-6m2,187,hexagonal,-75.3857,-0.7433,-0.007,,0.0212,,0.0,,-0.0066,-0.0066
199022,Cr1Na8P12Rb12Si3,847850b754,Rb12Na8Cr(SiP4)3,"['Na', 'Si', 'P', 'Cr', 'Rb']",36,1020.3809,2.795,2,C2,5,monoclinic,-126.5935,-0.3711,-0.0398,,,,0.0,,-0.0398,-0.0041
200312,Eu1Na4Se6Si2,85594a2f04,Na4Eu(SiSe3)2,"['Na', 'Si', 'Se', 'Eu']",13,338.0285,3.8015,2,C2,5,monoclinic,-64.2419,-1.2949,-0.0354,,0.6916,,0.0,,-0.0354,-0.0315
200913,Er2Na1P3Pd20Si3,85c0ebd44d,NaEr2Si3P3Pd20,"['Na', 'Si', 'P', 'Pd', 'Er']",29,458.8241,9.638,mm2,Fmm2,42,orthorhombic,-167.2578,-0.7133,-0.0352,,,,-0.0,,-0.035,-0.029
201772,Na2S8Si2Sm2,865208e48c,NaSmSiS4,"['Na', 'Si', 'S', 'Sm']",14,332.4042,3.294,2,P2_1,4,monoclinic,-78.7728,-1.6249,-0.0106,,2.6679,,0.0,,-0.0106,-0.0106
202005,As3Na1Pd20Pr2Si3,8678116089,NaPr2Si3As3Pd20,"['Na', 'Si', 'As', 'Pd', 'Pr']",29,486.5341,9.3592,mm2,Fmm2,42,orthorhombic,-163.3901,-0.6433,-0.0387,,,,0.0,,-0.0387,-0.0363
202060,Ir19Na1Si12Tb4,8683c6a5e8,NaTb4Si12Ir19,"['Na', 'Si', 'Tb', 'Ir']",36,570.2178,13.535,mm2,Amm2,38,orthorhombic,-284.9905,-0.8916,-0.1106,,0.008,,0.0,,-0.1105,-0.1007
204022,La2Na2S8Si2,87cdf0dc8b,NaLaSiS4,"['Na', 'Si', 'S', 'La']",14,341.6213,3.0938,2/m,P2_1/m,11,monoclinic,-79.9588,-1.6785,-0.0143,,2.6021,,0.0,,-0.0143,-0.0143
208461,Au2Ho1Na1Si2,8ab4180b6a,NaHo(SiAu)2,"['Na', 'Si', 'Ho', 'Au']",6,118.0599,8.974,mm2,Imm2,44,orthorhombic,-26.5874,-0.5473,-0.0723,,0.0072,,-0.0,,-0.0723,-0.0176
208845,Na1O1Si10Sr9,8af8d46773,NaSr9Si10O,"['O', 'Na', 'Si', 'Sr']",21,549.0844,3.3521,mmm,Immm,71,orthorhombic,-89.7472,-0.6673,-0.0288,,,,-0.0,,-0.0288,-0.0266
210330,Na2Pr2Se8Si2,8bf931d2d9,NaPrSiSe4,"['Na', 'Si', 'Se', 'Pr']",14,391.3123,4.3099,2,P2_1,4,monoclinic,-71.0758,-1.4322,-0.0149,,2.1554,,0.0,,-0.0149,-0.0143
210605,B24C2Na1Si2Y1,8c23763857,NaYSi2(B12C)2,"['B', 'C', 'Na', 'Si', 'Y']",30,251.9813,2.9757,m,Cm,8,monoclinic,-203.488,-0.203,-0.045,,,,0.0,,-0.045,-0.0447
210857,Cu18Ge1Na2Si7,8c4e598ccf,Na2Cu18Si7Ge,"['Na', 'Si', 'Cu', 'Ge']",28,385.0116,6.2928,m,Cm,8,monoclinic,-121.1618,-0.0761,-0.0168,,0.0056,,0.0,,-0.0166,-0.016
211426,As8Ca4Ge1Na8Si1,8cb1952f03,Na8Ca4SiGeAs8,"['Na', 'Si', 'Ca', 'Ge', 'As']",22,560.2068,3.0955,1,P1,1,triclinic,-80.5268,-0.6638,-0.0042,,0.4549,,0.0,,-0.0049,-0.0043
211604,Er1Ir19Na4P3Si9,8ccf2e5ebc,Na4ErSi9P3Ir19,"['Na', 'Si', 'P', 'Er', 'Ir']",36,556.8007,12.6957,mm2,Amm2,38,orthorhombic,-267.1627,-0.6752,-0.1134,,0.0074,,0.0,,-0.1134,-0.0939
211742,Ba1Na4Se6Si2,8ce66df6b7,BaNa4(SiSe3)2,"['Na', 'Si', 'Se', 'Ba']",13,357.9983,3.5216,2,C2,5,monoclinic,-55.9262,-1.2993,-0.0265,,2.6316,,0.0,,-0.0265,-0.0259
214947,Dy1Ir19Na4P6Si6,8efab65d56,Na4DySi6P6Ir19,"['Na', 'Si', 'P', 'Dy', 'Ir']",36,554.3701,12.7631,m,Pm,6,monoclinic,-266.3069,-0.6513,-0.1186,,0.0146,,0.0,,-0.1186,-0.0924
215717,Na2P4Pd20Si2Tb1,8f8501911a,Na2TbSi2(PPd5)4,"['Na', 'Si', 'P', 'Pd', 'Tb']",29,458.9205,9.0943,-42m,I-4m2,119,tetragonal,-161.1934,-0.6142,-0.0654,,,,0.0,,-0.0651,-0.0561
216676,Na8Se10Si4,902bf676ff,Na4Si2Se5,"['Na', 'Si', 'Se']",22,556.0556,3.2427,-1,P-1,2,triclinic,-91.5097,-1.1031,-0.0258,,2.5504,,0.0,,-0.0258,-0.0251
218452,Ir10Na1Pr4Si10,9157c3ee9b,NaPr4(SiIr)10,"['Na', 'Si', 'Pr', 'Ir']",25,433.7938,10.6786,4/m,I4/m,87,tetragonal,-186.9642,-0.955,-0.1352,,,,0.0,,-0.1352,-0.0028
219136,As6Na2Ni12Si1,91c9ec5894,Na2Si(Ni2As)6,"['Na', 'Si', 'Ni', 'As']",21,286.015,7.129,-6,P-6,174,hexagonal,-113.1743,-0.3708,-0.0375,,0.0013,,0.0,,-0.0375,-0.0313
220081,Na8P12Rb12Si3Ti1,92693403d4,Rb12Na8Ti(SiP4)3,"['Na', 'Si', 'P', 'Ti', 'Rb']",36,1021.4387,2.7854,2,C2,5,monoclinic,-126.7353,-0.4238,-0.0684,,,,0.0,,-0.0684,-0.0149
220240,As12Cs12Na8Si2Ti2,9285894d13,Cs6Na4TiSiAs6,"['Na', 'Si', 'Ti', 'As', 'Cs']",36,1207.9531,3.89,222,C222_1,20,orthorhombic,-121.588,-0.492,-0.0317,,0.8213,,0.0,,-0.0317,-0.0285
220921,As3Na1Rh6Si1,92fdf0be49,NaSi(AsRh2)3,"['Na', 'Si', 'As', 'Rh']",11,169.8411,8.7335,-6m2,P-6m2,187,hexagonal,-71.7371,-0.6206,-0.0836,,0.0061,,0.0,,-0.0836,-0.0567
221646,Au2Na1Si2Sm1,937c2b7cd4,NaSm(SiAu)2,"['Na', 'Si', 'Sm', 'Au']",6,121.2409,8.5389,mm2,Imm2,44,orthorhombic,-26.662,-0.5371,-0.0236,,0.0175,,0.0,,-0.0236,-0.0089
222084,Cs1Na3P12Si12,93c082ee0f,CsNa3(SiP)12,"['Na', 'Si', 'P', 'Cs']",28,651.7448,2.32,m,Pm,6,monoclinic,-142.4731,-0.2695,-0.0593,,1.482,,0.0,,-0.0593,-0.0333
222303,Au4Na1Nd7Si12,93e727b445,NaNd7(Si3Au)4,"['Na', 'Si', 'Nd', 'Au']",24,513.9132,6.9715,mmm,Cmmm,65,orthorhombic,-129.8013,-0.7041,-0.0301,,,,0.0,,-0.0301,-0.0159
222665,Ir10Na5Pt9Si12,9426f98d83,Na5Si12Ir10Pt9,"['Na', 'Si', 'Ir', 'Pt']",36,573.0157,11.968,mm2,Amm2,38,orthorhombic,-238.4387,-0.6583,-0.0751,,0.0047,,0.0,,-0.0748,-0.047
222996,C2Mo2Na6O14Si2,945e0f6fc8,Na3SiMoCO7,"['C', 'O', 'Na', 'Si', 'Mo']",26,334.7787,3.1447,2/m,P2_1/m,11,monoclinic,-188.6539,-2.3251,-0.0085,,,,0.0,,-0.0085,-0.0036
223666,Ce7Mo12Na1Si16,94cf1dd86a,NaCe7(Si4Mo3)4,"['Na', 'Si', 'Mo', 'Ce']",36,625.5145,6.914,1,P1,1,triclinic,-279.1128,-0.5363,-0.0509,,0.0008,,0.0,,-0.0508,-0.0416
226907,As12Na2Rb2Si12,96dd01f4d8,RbNa(SiAs)6,"['Na', 'Si', 'As', 'Rb']",28,723.8414,3.3333,2/m,P2/m,10,monoclinic,-132.0691,-0.2303,-0.0526,,1.3366,,0.0,,-0.0526,-0.0361
230522,Na4S6Si2Sn1,993e86c304,Na4Si2SnS6,"['Na', 'Si', 'S', 'Sn']",13,292.4296,2.6077,2,C2,5,monoclinic,-60.1356,-1.1667,-0.0547,,2.0573,,0.0,,-0.0547,-0.0108
230772,Na1Rh6Si14Zr1,996c9424aa,NaZr(Si7Rh3)2,"['Na', 'Si', 'Zr', 'Rh']",22,330.9505,5.6439,-3,R-3,148,trigonal,-141.7611,-0.5341,-0.002,,0.008,,0.0,,-0.0018,-0.0007
231090,Ir2Na2P1Si1,99a3f6044a,Na2SiPIr2,"['Na', 'Si', 'P', 'Ir']",6,111.2578,7.3055,4mm,P4mm,99,tetragonal,-34.2879,-0.5212,-0.0674,,0.0317,,0.0,,-0.0674,-0.036
231601,Er3Ir19Na2P7Si5,9a03131c60,Na2Er3Si5P7Ir19,"['Na', 'Si', 'P', 'Er', 'Ir']",36,555.8519,13.6138,m,Pm,6,monoclinic,-277.4771,-0.7828,-0.0822,,0.0073,,-0.0,,-0.0822,-0.0695
232210,Gd1Na2P4Pd20Si2,9a6c407ed3,Na2GdSi2(PPd5)4,"['Na', 'Si', 'P', 'Pd', 'Gd']",29,463.1168,9.0059,m,Cm,8,monoclinic,-170.5849,-0.6115,-0.0694,,,,0.0,,-0.0694,-0.063
234214,Al3Au1Na1Si2Tm2,9bc114cc18,NaTm2Al3Si2Au,"['Na', 'Al', 'Si', 'Tm', 'Au']",9,174.1824,6.6251,mm2,Amm2,38,orthorhombic,-40.362,-0.5252,-0.0059,,,,-0.0,,-0.0054,-0.0044
234837,Na3P12Rb1Si12,9c283db258,RbNa3(SiP)12,"['Na', 'Si', 'P', 'Rb']",28,643.7561,2.2265,m,Pm,6,monoclinic,-142.5783,-0.2702,-0.0679,,1.5466,,0.0,,-0.0679,-0.0358
235191,As1Na8P11Rb12Si4,9c62724627,Rb12Na8Si4AsP11,"['Na', 'Si', 'P', 'As', 'Rb']",36,1026.2626,2.8114,1,P1,1,triclinic,-122.4545,-0.3945,-0.0721,,,,0.0,,-0.0721,-0.0079
235281,Na1Pt4Si4,9c7422071c,Na(SiPt)4,"['Na', 'Si', 'Pt']",9,162.6772,9.3467,4,I4,79,tetragonal,-53.6938,-0.7096,-0.1192,,0.0199,,0.0,,-0.1187,-0.0782
235551,Na1Pt3Rh3Si4,9ca4f3367b,NaSi4(PtRh)3,"['Na', 'Si', 'Rh', 'Pt']",11,164.7877,10.3721,-6m2,P-6m2,187,hexagonal,-71.6035,-0.7522,-0.0536,,0.0019,,-0.0,,-0.0532,-0.0225
235642,Al24Na4Pt8Si1,9cb582f313,Na4Al24SiPt8,"['Na', 'Al', 'Si', 'Pt']",37,643.1035,6.0118,1,P1,1,triclinic,-171.9721,-0.6156,-0.0169,,,,-0.0,,-0.0169,-0.0164
236210,Na1Pt1Rh5Sc1Si14,9d17365651,NaScSi14PtRh5,"['Na', 'Si', 'Sc', 'Rh', 'Pt']",22,333.1551,5.8354,1,P1,1,triclinic,-138.5894,-0.5494,-0.0118,,,,0.0,,-0.0116,-0.0026
236497,Ir19Mg3Na2Si12,9d46cba456,Na2Mg3Si12Ir19,"['Na', 'Mg', 'Si', 'Ir']",36,558.0839,12.2232,-6m2,P-62m,189,hexagonal,-262.5631,-0.6134,-0.067,,0.0024,,0.0,,-0.0668,-0.0556
236678,Na4Se6Si2Sr1,9d6708236d,Na4Sr(SiSe3)2,"['Na', 'Si', 'Se', 'Sr']",13,340.7033,3.4581,2,C2,5,monoclinic,-55.7771,-1.3055,-0.0403,,2.8227,,0.0,,-0.0403,-0.0397
237246,As1Na20P11Si4,9dc46db544,Na20Si4AsP11,"['Na', 'Si', 'P', 'As']",36,773.5431,2.1204,1,P1,1,triclinic,-127.3352,-0.4161,-0.0025,,1.3538,,0.0,,-0.0025,-0.0023
238441,Na20P12Si3Ti1,9e8c53de2e,Na20Ti(SiP4)3,"['Na', 'Si', 'P', 'Ti']",36,773.745,2.068,1,P1,1,triclinic,-131.7183,-0.4482,-0.0069,,1.3076,,-0.0,,-0.0069,-0.0013
238589,B24C2Er1Na1Si2,9ea55acc98,NaErSi2(B12C)2,"['B', 'C', 'Na', 'Si', 'Er']",30,251.168,3.5033,m,Cm,8,monoclinic,-201.6286,-0.2043,-0.0454,,0.8004,,0.0,,-0.0454,-0.0447
239080,Ir2Na1Rh4Si4,9ef553aafb,NaSi4(IrRh2)2,"['Na', 'Si', 'Rh', 'Ir']",11,161.504,9.5763,mm2,Amm2,38,orthorhombic,-77.9499,-0.7084,-0.0427,,0.0117,,0.0,,-0.0423,-0.0388
239189,As12Ge1Na20Si1Zr2,9f092906ca,Na20Zr2SiGeAs12,"['Na', 'Si', 'Ge', 'As', 'Zr']",36,879.9957,3.0985,1,P1,1,triclinic,-127.5886,-0.5024,-0.0124,,0.7351,,0.0,,-0.0124,-0.0111
239323,In4Na4Si2Te12,9f1d3759a9,Na2In2SiTe6,"['Na', 'Si', 'In', 'Te']",22,818.1099,4.3408,m,Cc,9,monoclinic,-80.008,-0.6882,-0.0179,,1.0471,,0.0,,-0.0179,-0.0093
239817,Lu1Na1Pt9Si7Ti3,9f71e5002f,NaLuTi3Si7Pt9,"['Na', 'Si', 'Ti', 'Lu', 'Pt']",21,332.7944,11.4459,-6,P-6,174,hexagonal,-141.6096,-0.9267,-0.0416,,,,0.0,,-0.0416,-0.0227
240760,As8Hf1Na16Si1,a009cad379,Na16HfSiAs8,"['Na', 'Si', 'As', 'Hf']",26,676.6693,2.8805,-43m,F-43m,216,cubic,-86.4352,-0.4854,-0.0114,,0.4787,,0.0,,-0.0114,-0.0094
241279,Au12Ho11Na1Si12,a05d59199f,NaHo11(SiAu)12,"['Na', 'Si', 'Ho', 'Au']",36,725.8868,10.3808,m,Pm,6,monoclinic,-183.3626,-0.7566,-0.0818,,,,0.0,,-0.0818,-0.007
241958,Na1Pt4Si12Y7,a0d00954f3,NaY7(Si3Pt)4,"['Na', 'Si', 'Y', 'Pt']",24,471.5104,6.2078,mmm,Cmmm,65,orthorhombic,-157.5015,-0.8969,-0.0945,,0.0042,,0.0,,-0.0943,-0.0091
241969,Ho1Ir6Na1Si14,a0d19ff62f,NaHo(Si7Ir3)2,"['Na', 'Si', 'Ho', 'Ir']",22,336.8174,8.5508,-3,R-3,148,trigonal,-148.1149,-0.6011,-0.044,,0.003,,-0.0,,-0.0438,-0.043
242037,B24C2Na1Si2Y1,a0dbb86430,NaYSi2(B12C)2,"['B', 'C', 'Na', 'Si', 'Y']",30,252.0074,2.9754,m,Cm,8,monoclinic,-203.4882,-0.203,-0.045,,,,0.0,,-0.045,-0.0447
242564,Ga1Na2Pt6Si3,a1372c5576,Na2Ga(SiPt2)3,"['Na', 'Si', 'Ga', 'Pt']",12,206.5615,11.0171,m,Cm,8,monoclinic,-66.5198,-0.6788,-0.1046,,0.0213,,0.0,,-0.1038,-0.0447
242913,Ir6Na1Si14Zr1,a1737bd284,NaZr(Si7Ir3)2,"['Na', 'Si', 'Zr', 'Ir']",22,333.9917,8.2567,-3,R-3,148,trigonal,-151.3961,-0.57,-0.0299,,0.0317,,0.0,,-0.0297,-0.0287
244009,Ir19Lu3Na2Si12,a2343eb375,Na2Lu3Si12Ir19,"['Na', 'Si', 'Lu', 'Ir']",36,562.8601,13.4529,mm2,Amm2,38,orthorhombic,-278.083,-0.8011,-0.122,,0.0023,,0.0,,-0.1217,-0.1052
244422,Ga3Na2Pt4Si1,a27603e090,Na2Ga3SiPt4,"['Na', 'Si', 'Ga', 'Pt']",10,183.9591,9.6005,4mm,P4mm,99,tetragonal,-47.6428,-0.6205,-0.106,,0.0127,,0.0,,-0.1051,-0.0388
245019,As12Hf2Na20Si2,a2e257792a,Na10HfSiAs6,"['Na', 'Si', 'As', 'Hf']",36,866.8467,3.3945,2,P2_1,4,monoclinic,-131.3445,-0.5061,-0.0055,,0.8823,,0.0,,-0.0055,-0.0033
245267,Dy3Ir19Na2P6Si6,a310d1970c,Na2Dy3Si6P6Ir19,"['Na', 'Si', 'P', 'Dy', 'Ir']",36,557.1077,13.532,m,Pm,6,monoclinic,-278.2397,-0.8003,-0.1152,,0.0063,,0.0,,-0.1152,-0.0969
245558,Er4Ir19Na1P3Si9,a33fc5d012,NaEr4Si9P3Ir19,"['Na', 'Si', 'P', 'Er', 'Ir']",36,558.5728,13.9421,mm2,Amm2,38,orthorhombic,-285.1408,-0.9042,-0.083,,0.0055,,0.0,,-0.083,-0.0762
247035,Ir19Na4P7Sc1Si5,a43d3eea15,Na4ScSi5P7Ir19,"['Na', 'Si', 'P', 'Sc', 'Ir']",36,550.4557,12.5079,m,Pm,6,monoclinic,-267.0923,-0.6256,-0.1128,,0.0067,,0.0,,-0.1128,-0.0854
249076,Na1P4Pb2Pd20Si2,a592eb88c3,NaSi2P4(Pd10Pb)2,"['Na', 'Si', 'P', 'Pd', 'Pb']",29,462.8485,9.8512,4/mmm,I4/mmm,139,tetragonal,-159.9225,-0.5198,-0.0461,,,,0.0,,-0.0461,-0.0358
251741,Na8Si8Te20,a754776448,Na2Si2Te5,"['Na', 'Si', 'Te']",36,1240.3871,3.9634,mm2,Pna2_1,33,orthorhombic,-139.1196,-0.6186,-0.0342,,1.3232,,0.0,,-0.0342,-0.0009
253699,Na1Rh6Sc1Si14,a8a721b936,NaSc(Si7Rh3)2,"['Na', 'Si', 'Sc', 'Rh']",22,329.4018,5.4372,-3,R-3,148,trigonal,-139.8766,-0.5492,-0.0004,,0.012,,0.0,,-0.0002,-0.0001
254041,N12Na2Nd6Si4,a8e2211899,NaNd3(SiN3)2,"['N', 'Na', 'Si', 'Nd']",24,340.0909,5.8194,2/m,C2/m,12,monoclinic,-186.2096,-1.384,-0.0141,,1.3912,,0.0,,-0.0141,-0.0128
254213,Na2O14Pa2Si4,a903267005,NaPaSi2O7,"['O', 'Na', 'Si', 'Pa']",22,334.0771,4.197,-1,P-1,2,triclinic,-187.2499,-3.391,-0.0399,,3.2482,,-0.0,,-0.0399,-0.0114
254721,Cs1Na8P12Rb11Si4,a95e47e7e4,CsRb11Na8(SiP3)4,"['Na', 'Si', 'P', 'Rb', 'Cs']",36,1029.4606,2.8083,1,P1,1,triclinic,-122.9813,-0.3905,-0.0681,,0.9859,,0.0,,-0.0681,-0.0116
256756,Fe2Li4Na8O60Sc2Si24,aabcc448b4,Na4Li2ScFe(Si2O5)6,"['Li', 'O', 'Na', 'Si', 'Sc', 'Fe']",100,1278.7234,2.6586,222,C222_1,20,orthorhombic,-781.2845,-3.0638,-0.0033,,,,0.0,,-0.0033,-0.0015
257000,Cr2La2N12Na2Si2Sr4,aae5ba6ec3,NaSr2LaCrSiN6,"['N', 'Na', 'Si', 'Cr', 'Sr', 'La']",24,351.5735,4.735,2/m,C2/m,12,monoclinic,-177.5339,-1.169,-0.0387,,,,0.0,,-0.0387,-0.0378
257112,Cu1Na2Pt6Si3,aafb514c92,Na2Cu(SiPt2)3,"['Na', 'Si', 'Cu', 'Pt']",12,201.3556,11.251,m,Cm,8,monoclinic,-66.6842,-0.6032,-0.0679,,0.0049,,0.0,,-0.0672,-0.0189
257136,Er3Ir19Na2P5Si7,aafee542cc,Na2Er3Si7P5Ir19,"['Na', 'Si', 'P', 'Er', 'Ir']",36,556.9609,13.5695,m,Pm,6,monoclinic,-278.4277,-0.8085,-0.0867,,0.0022,,0.0,,-0.0867,-0.0739
258195,Hf2Na4O14Si4,abb33f75df,Na2HfSi2O7,"['O', 'Na', 'Si', 'Hf']",24,306.5847,4.2532,-1,P-1,2,triclinic,-193.2922,-3.2131,-0.0297,,4.5934,,0.0,,-0.0297,-0.0039
258426,Na4O22Si8Sn2,abd94636d4,Na2Si4SnO11,"['O', 'Na', 'Si', 'Sn']",36,473.3654,3.1784,2/m,C2/c,15,monoclinic,-269.754,-2.8941,-0.0013,,3.6756,,0.0,,-0.0013,-0.0012
258531,As12Cs12Na8Si3Ti1,abe818928a,Cs12Na8Ti(SiAs4)3,"['Na', 'Si', 'Ti', 'As', 'Cs']",36,1195.1746,3.9041,2,C2,5,monoclinic,-117.903,-0.4583,-0.0094,,0.7879,,0.0,,-0.0094,-0.0084
258554,As12Cs12Na8Si4,abed9bf56e,Cs3Na2SiAs3,"['Na', 'Si', 'As', 'Cs']",36,1192.2294,3.8862,mmm,Cmce,64,orthorhombic,-114.2202,-0.4246,-0.0041,,0.741,,0.0,,-0.0041,-0.0032
258778,Na4O22Si8W2,ac16c8f971,Na2Si4WO11,"['O', 'Na', 'Si', 'W']",36,476.836,3.6089,2/m,C2/c,15,monoclinic,-287.5961,-2.8926,-0.0116,,3.3008,,0.0,,-0.0116,-0.0051
259195,Na1Pt3Si1Yb1,ac63e0ed4e,NaYbSiPt3,"['Na', 'Si', 'Yb', 'Pt']",6,104.8342,12.8201,3m,R3m,160,trigonal,-31.6931,-0.8655,-0.0464,,0.0136,,0.0,,-0.0456,-0.0456
259213,Mn3Na2Pt9Si7,ac6706b639,Na2Mn3Si7Pt9,"['Na', 'Si', 'Mn', 'Pt']",21,328.5446,10.933,-6,P-6,174,hexagonal,-135.8743,-0.6251,-0.0602,,0.0121,,0.0,,-0.0598,-0.0273
259239,N8Na6Si2V2,ac6c4cfe5a,Na3VSiN4,"['N', 'Na', 'Si', 'V']",18,234.9631,2.8838,2,C2,5,monoclinic,-118.8001,-0.8419,-0.0472,,1.854,,0.0,,-0.0465,-0.0451
259441,Na1Pr2Pt6Si10Y1,ac92c3aa77,NaPr2Y(Si5Pt3)2,"['Na', 'Si', 'Y', 'Pr', 'Pt']",20,353.2061,8.6743,m,Cm,8,monoclinic,-125.0482,-0.8509,-0.0228,,0.0114,,0.0,,-0.0226,-0.0083
260121,Na1Rb3S16Sb4Si4,ad024b7c71,Rb3NaSi4(SbS4)4,"['Na', 'Si', 'S', 'Rb', 'Sb']",28,808.9136,2.8571,1,P1,1,triclinic,-137.195,-1.0189,-0.0245,,,,0.0,,-0.0245,-0.0052
262699,Dy1Ir19Na4P2Si10,aeba8f90d1,Na4DySi10P2Ir19,"['Na', 'Si', 'P', 'Dy', 'Ir']",36,560.3942,12.5916,m,Pm,6,monoclinic,-266.9166,-0.6669,-0.1114,,0.008,,0.0,,-0.1114,-0.0939
263656,Ir6Na1Sc1Si14,af5de270bf,NaSc(Si7Ir3)2,"['Na', 'Si', 'Sc', 'Ir']",22,333.0405,8.0496,-3,R-3,148,trigonal,-149.4868,-0.5839,-0.0099,,0.0092,,0.0,,-0.0097,-0.0097
263809,B24Na4Si4,af7910fd3c,NaSiB6,"['B', 'Na', 'Si']",32,301.2961,2.556,mmm,Cmce,64,orthorhombic,-189.1522,-0.058,-0.0059,,2.1762,,0.0,,-0.0058,-0.0049
264161,Cu18Na1Nd1Si8,afb634deac,NaNd(Cu9Si4)2,"['Na', 'Si', 'Cu', 'Nd']",28,380.1488,6.7083,422,I422,97,tetragonal,-127.7666,-0.1603,-0.0166,,0.0011,,0.0,,-0.0164,-0.0155
264508,Na2Pt5Rh1Si4,aff60708d0,Na2Si4Pt5Rh,"['Na', 'Si', 'Rh', 'Pt']",12,201.1264,10.21,1,P1,1,triclinic,-70.3184,-0.6878,-0.0839,,0.0315,,0.0,,-0.0832,-0.0276
265326,Gd2Na6O30Si12,b080fb4d06,Na3Gd(Si2O5)3,"['O', 'Na', 'Si', 'Gd']",50,719.3604,2.9303,2/m,C2/m,12,monoclinic,-407.6872,-3.1598,-0.0098,,,,-0.0,,-0.0098,-0.0087
266229,Ir19Na5P6Si6,b1169c1811,Na5Si6P6Ir19,"['Na', 'Si', 'P', 'Ir']",36,554.1297,12.3505,-6,P-6,174,hexagonal,-260.1166,-0.5706,-0.117,,0.007,,0.0,,-0.117,-0.0839
266409,Na1P5Pd20Si1Y2,b1348edae6,NaY2Si(PPd4)5,"['Na', 'Si', 'P', 'Y', 'Pd']",29,460.181,9.065,4mm,I4mm,107,tetragonal,-170.0571,-0.6797,-0.071,,,,-0.0,,-0.071,-0.0521
267044,Na4S6Si2Sr1,b1a22bdc51,Na4Sr(SiS3)2,"['Na', 'Si', 'S', 'Sr']",13,297.585,2.389,2,C2,5,monoclinic,-61.4801,-1.4486,-0.1039,,3.2899,,-0.0,,-0.1039,-0.0443
268539,Ca1Na4Se6Si2,b2a87053a9,Na4Ca(SiSe3)2,"['Na', 'Si', 'Ca', 'Se']",13,331.1008,3.3199,2,C2,5,monoclinic,-55.999,-1.2982,-0.0392,,2.7363,,0.0,,-0.0392,-0.0386
269047,Ho7Na1Si16W12,b2fb10683a,NaHo7(Si4W3)4,"['Na', 'Si', 'Ho', 'W']",36,601.1632,10.5874,1,P1,1,triclinic,-293.1649,-0.4851,-0.0476,,0.0087,,0.0,,-0.0475,-0.0473
270817,Ho1Na1Rh6Si14,b422fed2b2,NaHo(Si7Rh3)2,"['Na', 'Si', 'Rh', 'Ho']",22,334.4769,5.9503,-3,R-3,148,trigonal,-138.5314,-0.5676,-0.0106,,0.01,,-0.0,,-0.0104,-0.0102
271484,Ir6Na1Si14Yb1,b490c4c72a,NaYb(Si7Ir3)2,"['Na', 'Si', 'Yb', 'Ir']",22,337.1792,8.5816,-3,R-3,148,trigonal,-144.3253,-0.5672,-0.0518,,0.0093,,-0.0,,-0.0516,-0.0283
272501,As8Na16Si1V1,b54794d5d7,Na16VSiAs8,"['Na', 'Si', 'V', 'As']",26,652.7532,2.6615,-43m,F-43m,216,cubic,-84.1177,-0.4298,-0.0086,,0.0755,,-0.0,,-0.0086,-0.0058
272529,Ga8Na1Si4Sn2Sr21,b54a944f6b,NaSr21Ga8(Si2Sn)2,"['Na', 'Si', 'Ga', 'Sr', 'Sn']",36,1219.2878,3.7732,4/mmm,I4/mmm,139,tetragonal,-105.9117,-0.4212,-0.0158,,,,0.0,,-0.0157,-0.0147
273952,Ca1Na1Rh12Si7,b63c8faa09,NaCaSi7Rh12,"['Na', 'Si', 'Ca', 'Rh']",21,315.3479,7.8698,-6,P-6,174,hexagonal,-146.1546,-0.7846,-0.0413,,0.0039,,-0.0,,-0.0411,-0.0285
274573,Ir8Na5Pt11Si12,b6a698570d,Na5Si12Ir8Pt11,"['Na', 'Si', 'Ir', 'Pt']",36,575.2729,11.9376,mm2,Amm2,38,orthorhombic,-233.0429,-0.6622,-0.0681,,0.0068,,0.0,,-0.0677,-0.0339
275086,Ga4Na4Se12Si2,b70341af50,Na2Ga2SiSe6,"['Na', 'Si', 'Ga', 'Se']",22,602.9069,3.7858,m,Cc,9,monoclinic,-92.6575,-1.0198,-0.0086,,,,0.0,,-0.0086,-0.0076
275549,Au20Ba1Na3Si8,b7502e7447,BaNa3(Si2Au5)4,"['Na', 'Si', 'Ba', 'Au']",32,639.2021,11.3533,m,Pm,6,monoclinic,-122.1834,-0.2318,-0.0214,,0.0189,,0.0,,-0.0214,-0.0127
276822,Cl18Na4Si1Zr6,b826c74c19,Na4Zr6SiCl18,"['Na', 'Si', 'Cl', 'Zr']",29,774.4958,2.7991,-1,P-1,2,triclinic,-156.0985,-2.0967,-0.0252,,,,0.0,,-0.0252,-0.0246
278172,Na8Pd9Pt3Si4,b90eba4bf4,Na8Si4(Pd3Pt)3,"['Na', 'Si', 'Pd', 'Pt']",24,398.0431,7.6731,1,P1,1,triclinic,-109.1843,-0.5015,-0.0734,,,,0.0,,-0.0734,-0.0728
278931,Cu18La1Na1Si8,b9975de61f,NaLa(Cu9Si4)2,"['Na', 'Si', 'Cu', 'La']",28,381.688,6.6581,422,I422,97,tetragonal,-128.1328,-0.1674,-0.0239,,0.0056,,0.0,,-0.0237,-0.0228
279635,As4Ho1Na1Rh12Si3,ba09e9c81d,NaHoSi3(AsRh3)4,"['Na', 'Si', 'As', 'Rh', 'Ho']",21,327.1158,9.1715,3,P3,143,trigonal,-144.3914,-0.7239,-0.0394,,0.0246,,0.0,,-0.0394,-0.0335
281426,Hf3Na20P12Si1,bb41ba303f,Na20Hf3SiP12,"['Na', 'Si', 'P', 'Hf']",36,818.3074,2.8309,1,P1,1,triclinic,-145.8363,-0.5314,-0.0149,,0.9979,,0.0,,-0.0149,-0.0133
281591,Na1Ru8Si24Tm5,bb5ecd1564,NaTm5(Si3Ru)8,"['Na', 'Si', 'Ru', 'Tm']",38,609.4968,6.4032,2,C2,5,monoclinic,-250.2,-0.5815,-0.0324,,0.0057,,0.0,,-0.0323,-0.0321
282216,Ir6Na1Si14Y1,bbc09d1059,NaY(Si7Ir3)2,"['Na', 'Si', 'Y', 'Ir']",22,338.173,8.1433,-3,R-3,148,trigonal,-149.9776,-0.6002,-0.0329,,0.0098,,0.0,,-0.0327,-0.0325
283725,Er4Na12O60Si24,bcb2a875fd,Na3Er(Si2O5)3,"['O', 'Na', 'Si', 'Er']",100,1421.3918,3.0128,mmm,Cmce,64,orthorhombic,-778.4819,-3.172,-0.0056,,,,0.0,,-0.0056,-0.0056
287313,As7Na20P5Si4,bf08cfacee,Na20Si4As7P5,"['Na', 'Si', 'P', 'As']",36,817.5814,2.5418,1,P1,1,triclinic,-123.1679,-0.426,-0.0094,,0.9717,,0.0,,-0.0094,-0.0079
288677,Ac7N12Na1Si4,bff1588e3b,NaAc7(SiN3)4,"['N', 'Na', 'Si', 'Ac']",24,387.8922,8.1013,m,Cm,8,monoclinic,-183.7099,-1.325,-0.0932,,0.0062,,-0.0,,-0.0932,-0.0916
289146,F2Na6O18Pb1Si6Sn1,c04211f0c7,Na6Si6SnPb(O9F)2,"['O', 'F', 'Na', 'Si', 'Sn', 'Pb']",34,464.5707,3.4255,2,C2,5,monoclinic,-235.4569,-2.7753,-0.0036,,,,0.0,,-0.0036,-0.0033
289397,Al1Ga3Na4Se12Si2,c06c2b2f34,Na4AlGa3(SiSe6)2,"['Na', 'Al', 'Si', 'Ga', 'Se']",22,610.7442,3.621,1,P1,1,triclinic,-94.0766,-1.0525,-0.0083,,,,0.0,,-0.0083,-0.0062
289455,Na2Pd21Si6,c074f9e8fb,Na2(Si2Pd7)3,"['Na', 'Si', 'Pd']",29,458.03,8.8797,m-3m,Fm-3m,225,cubic,-159.5859,-0.5383,-0.031,,0.0027,,0.0,,-0.031,-0.0093
290984,Dy4Ir19Na1P6Si6,c17814a315,NaDy4Si6P6Ir19,"['Na', 'Si', 'P', 'Dy', 'Ir']",36,559.9427,13.8772,m,Pm,6,monoclinic,-283.985,-0.8687,-0.1108,,0.0155,,0.0,,-0.1108,-0.093
290991,Ir19Na1Si12Y4,c1790a6ed2,NaY4Si12Ir19,"['Na', 'Si', 'Y', 'Ir']",36,568.6275,12.755,mm2,Amm2,38,orthorhombic,-292.276,-0.8904,-0.1101,,0.0034,,0.0,,-0.11,-0.1017
291190,Na1Pr2Pt6Si10Tm1,c19ea9effb,NaPr2Tm(Si5Pt3)2,"['Na', 'Si', 'Pr', 'Tm', 'Pt']",20,351.9686,9.0823,m,Cm,8,monoclinic,-122.8466,-0.8404,-0.0344,,0.0051,,0.0,,-0.0341,-0.0071
291616,Dy4Ir19Na1P2Si10,c1f1a006e2,NaDy4Si10P2Ir19,"['Na', 'Si', 'P', 'Dy', 'Ir']",36,563.6501,13.7519,mm2,Amm2,38,orthorhombic,-285.3409,-0.905,-0.1315,,,,0.0,,-0.1315,-0.1021
292587,Na4Rb4Si8Te20,c29b9c2ac1,RbNaSi2Te5,"['Na', 'Si', 'Rb', 'Te']",36,1420.8066,3.7522,mmm,Cmcm,63,orthorhombic,-140.2429,-0.6873,-0.0622,,,,0.0,,-0.0622,-0.0161
293445,Na12Pt8Si8,c3313ea35e,Na3(SiPt)2,"['Na', 'Si', 'Pt']",28,595.3958,5.7487,mmm,Pbcm,57,orthorhombic,-120.8334,-0.464,-0.0845,,0.0091,,-0.0,,-0.0826,-0.0044
294666,Ir10Na1Si10Sr4,c3fc8e91c2,NaSr4(SiIr)10,"['Na', 'Si', 'Sr', 'Ir']",25,445.3283,9.6072,4/m,I4/m,87,tetragonal,-171.1775,-0.8184,-0.2572,,0.0073,,0.0,,-0.257,-0.0245
294815,Cs4Na4Se8Si2,c414db2011,Cs2Na2SiSe4,"['Na', 'Si', 'Se', 'Cs']",18,681.3096,3.1963,4/mmm,P4_2/mcm,132,tetragonal,-69.9806,-1.2384,-0.0064,,2.0315,,0.0,,-0.0064,-0.0059
295376,Fe3Li4Na8O60Si24V1,c46d42c01b,Na8Li4VFe3(Si2O5)12,"['Li', 'O', 'Na', 'Si', 'V', 'Fe']",100,1278.7234,2.6805,2,C2,5,monoclinic,-776.5131,-2.9672,-0.0028,,,,0.0,,-0.0028,-0.001
296048,Ir16Na5Rh3Si12,c4dfe64e49,Na5Si12Ir16Rh3,"['Na', 'Si', 'Rh', 'Ir']",36,564.1721,11.2911,-6m2,P-62m,189,hexagonal,-256.511,-0.5913,-0.0757,,0.0026,,0.0,,-0.0751,-0.0676
296227,Ge1Na8P12Rb12Si3,c4fca9e576,Rb12Na8Si3GeP12,"['Na', 'Si', 'P', 'Ge', 'Rb']",36,1020.6364,2.8278,2,C2,5,monoclinic,-121.8001,-0.3776,-0.0508,,0.9103,,0.0,,-0.0508,-0.0075
297032,Na1Pt6Si10U3,c58730c160,NaU3(Si5Pt3)2,"['Na', 'Si', 'Pt', 'U']",20,346.3275,10.4929,m,Cm,8,monoclinic,-138.4203,-0.6272,-0.0407,,0.0001,,0.0,,-0.0405,-0.0218
298004,Au2Er1Na1Si2,c62ef15384,NaEr(SiAu)2,"['Na', 'Si', 'Er', 'Au']",6,117.2789,9.0667,mm2,Imm2,44,orthorhombic,-26.5483,-0.5433,-0.0767,,0.0222,,0.0,,-0.0767,-0.0216
298704,Bi2Na1Si4Sr9,c6a3fd93c7,NaSr9(Si2Bi)2,"['Na', 'Si', 'Sr', 'Bi']",16,544.7568,4.0903,4/m,I4/m,87,tetragonal,-55.0135,-0.5628,-0.0391,,0.0521,,0.0,,-0.0388,-0.0379
299363,Na4Se6Si2Sn1,c716526f04,Na4Si2SnSe6,"['Na', 'Si', 'Se', 'Sn']",13,334.8924,3.6722,2,C2,5,monoclinic,-54.7177,-1.0455,-0.0311,,1.6762,,0.0,,-0.0311,-0.0305
300059,Er3Ir19Na2P1Si11,c78d7afe73,Na2Er3Si11PIr19,"['Na', 'Si', 'P', 'Er', 'Ir']",36,563.6729,13.3739,mm2,Amm2,38,orthorhombic,-278.812,-0.8178,-0.0679,,0.003,,0.0,,-0.0679,-0.0616
300136,Li5Na3P12Rb12Si4,c79a412840,Rb12Na3Li5(SiP3)4,"['Li', 'Na', 'Si', 'P', 'Rb']",36,948.2309,2.8252,2,C2,5,monoclinic,-128.4218,-0.4578,-0.095,,1.2316,,-0.0,,-0.095,-0.0114
300497,Ba4Ge1Na8Si15,c7d7d49366,Ba4Na8Si15Ge,"['Na', 'Si', 'Ge', 'Ba']",28,744.6176,2.7366,m,Cm,8,monoclinic,-109.0198,-0.17,-0.0245,,0.9842,,0.0,,-0.0233,-0.0227
301353,Ga1Na3Pt4Si3,c872fc19aa,Na3GaSi3Pt4,"['Na', 'Si', 'Ga', 'Pt']",11,216.849,7.6827,3m,R3m,160,trigonal,-54.0491,-0.5904,-0.1112,,0.0159,,0.0,,-0.11,-0.0179
301551,Na8P12Rb12Si4,c893f9e248,Rb3Na2SiP3,"['Na', 'Si', 'P', 'Rb']",36,1018.2124,2.7619,mmm,Cmce,64,orthorhombic,-122.7835,-0.3827,-0.0726,,0.9791,,0.0,,-0.0726,-0.0051
302556,Ir19Na5Si12,c940e18b43,Na5Si12Ir19,"['Na', 'Si', 'Ir']",36,562.7747,12.1097,-6m2,P-62m,189,hexagonal,-259.7401,-0.5582,-0.0749,,0.004,,0.0,,-0.0743,-0.0652
302808,Na16P8Si1Sn1,c96bbdf9e8,Na16SiSnP8,"['Na', 'Si', 'P', 'Sn']",26,622.795,2.0328,-43m,F-43m,216,cubic,-83.6635,-0.3755,-0.0044,,0.5153,,0.0,,-0.0044,-0.0032
302875,In4Na4O16Si4,c976c68ebd,NaInSiO4,"['O', 'Na', 'Si', 'In']",28,351.7737,4.3408,mmm,Pnma,62,orthorhombic,-189.6884,-2.5901,-0.0095,,2.7208,,0.0,,-0.0095,-0.0094
304347,Dy2Na2Ni1Pt5Si10,ca664ad730,Na2Dy2Si10NiPt5,"['Na', 'Si', 'Ni', 'Dy', 'Pt']",20,337.5721,8.2933,2,C2,5,monoclinic,-116.1643,-0.6959,-0.0336,,0.007,,0.0,,-0.0331,-0.0143
304598,Ga2Na3Pt4Si2,ca91463567,Na3Ga2(SiPt2)2,"['Na', 'Si', 'Ga', 'Pt']",11,221.4186,7.8364,mm2,Fmm2,42,orthorhombic,-51.663,-0.5914,-0.1171,,0.0079,,0.0,,-0.1159,-0.0302
305348,B8Na6Pt16Rh2Si2,cb10ba8d42,Na3SiB4Pt8Rh,"['B', 'Na', 'Si', 'Rh', 'Pt']",34,503.6427,11.895,mmm,Cmcm,63,orthorhombic,-200.3915,-0.4796,-0.0198,,0.0048,,0.0,,-0.0196,-0.013
307158,Ca1Ir19Na4Si12,cc4b65ba47,Na4CaSi12Ir19,"['Na', 'Si', 'Ca', 'Ir']",36,564.713,12.1184,-6,P-6,174,hexagonal,-262.3897,-0.6128,-0.0919,,,,0.0,,-0.0914,-0.0723
308990,Na3Rb4Se20Si8Tl1,cd78d3159f,Rb4Na3Tl(Si2Se5)4,"['Na', 'Si', 'Se', 'Rb', 'Tl']",36,1169.0999,3.436,2,C2,5,monoclinic,-160.5999,-1.0286,-0.0157,,2.2615,,0.0,,-0.0157,-0.0156
309952,Na1Si16Tb7W12,ce1b5cc457,NaTb7(Si4W3)4,"['Na', 'Si', 'Tb', 'W']",36,608.9068,10.3381,1,P1,1,triclinic,-292.9518,-0.4691,-0.0326,,0.0029,,-0.0,,-0.0325,-0.0322
311194,Na4Pt4Si2,ceeed04cdc,Na2SiPt2,"['Na', 'Si', 'Pt']",10,203.676,7.5696,2/m,C2/c,15,monoclinic,-45.6641,-0.524,-0.0957,,0.0121,,0.0,,-0.094,-0.0553
311371,Na1Rh6Si14Th1,cf0f7def27,NaTh(Si7Rh3)2,"['Na', 'Si', 'Rh', 'Th']",22,341.2595,6.1586,-3,R-3,148,trigonal,-141.3497,-0.567,-0.0051,,0.0073,,0.0,,-0.0049,-0.0048
311439,Er7Na1Pt4Si12,cf1b31bf97,NaEr7(Si3Pt)4,"['Na', 'Si', 'Er', 'Pt']",24,466.6255,8.2245,6/mmm,P6/mmm,191,hexagonal,-143.4296,-0.8644,-0.0649,,0.0037,,-0.0,,-0.0648,-0.0026
311931,As3Na4P9Si12,cf67df7a29,Na4Si12(AsP3)3,"['Na', 'Si', 'P', 'As']",28,633.0207,2.4462,m,Pm,6,monoclinic,-139.909,-0.2435,-0.0457,,1.4394,,0.0,,-0.0457,-0.0196
312141,Ir19Na4Pa1Si12,cf8d16ee88,Na4PaSi12Ir19,"['Na', 'Si', 'Ir', 'Pa']",36,565.0499,12.6723,mm2,Amm2,38,orthorhombic,-271.1429,-0.6468,-0.075,,,,0.0,,-0.075,-0.0661
312465,Li8Na12P12Si2Sn2,cfc3a26bec,Na6Li4SiSnP6,"['Li', 'Na', 'Si', 'P', 'Sn']",36,715.6483,2.3126,222,C222_1,20,orthorhombic,-132.9062,-0.4982,-0.0269,,1.302,,0.0,,-0.0269,-0.0207
314239,Na4S6Si2Yb1,d0f652d2a2,Na4Yb(SiS3)2,"['Na', 'Si', 'S', 'Yb']",13,289.1607,2.9492,2,C2,5,monoclinic,-61.4675,-1.4591,-0.0986,,3.3037,,0.0,,-0.0986,-0.0452
316006,Mn2Na4O8Si2,d21bbe1c0e,Na2MnSiO4,"['O', 'Na', 'Si', 'Mn']",16,217.9293,2.9412,m,Pc,7,monoclinic,-114.6568,-2.538,-0.0183,,2.3486,,0.0,,-0.0183,-0.0049
316194,Na16P12Rb4Si4,d23b85332e,RbNa4SiP3,"['Na', 'Si', 'P', 'Rb']",36,899.1084,2.2047,mmm,Pnma,62,orthorhombic,-126.4782,-0.4093,-0.0305,,0.9607,,-0.0,,-0.0305,-0.0041
317958,Bi2Ca9Na1Si4,d366b8ad3d,NaCa9(Si2Bi)2,"['Na', 'Si', 'Ca', 'Bi']",16,460.2159,3.2979,4/m,I4/m,87,tetragonal,-58.4644,-0.6006,-0.0361,,0.0098,,-0.0,,-0.0358,-0.035
318139,Na1Pr3Pt6Si10,d388dfda2b,NaPr3(Si5Pt3)2,"['Na', 'Si', 'Pr', 'Pt']",20,357.7584,8.8053,m,Cm,8,monoclinic,-123.4456,-0.8551,-0.0211,,0.0046,,0.0,,-0.0209,-0.0026
319327,Bi4Na4O16Si4,d44ec77751,NaSiBiO4,"['O', 'Na', 'Si', 'Bi']",28,403.2747,5.3373,mmm,Pnma,62,orthorhombic,-191.1868,-2.481,-0.0133,,3.3612,,0.0,,-0.0133,-0.0131
320359,Cu1Na2Pd6Si3,d4fc522d61,Na2Cu(SiPd2)3,"['Na', 'Si', 'Cu', 'Pd']",12,199.3485,6.9329,m,Cm,8,monoclinic,-60.4205,-0.5267,-0.0093,,0.0057,,0.0,,-0.0086,-0.0086
321360,As12Hf1Li8Na12Si3,d5ad097370,Na12Li8Hf(SiAs4)3,"['Li', 'Na', 'Si', 'As', 'Hf']",36,763.2419,3.2487,2,C2,5,monoclinic,-133.8369,-0.5709,-0.0452,,,,0.0,,-0.0452,-0.0338
322782,Ir19Na3Sc2Si12,d69c20050a,Na3Sc2Si12Ir19,"['Na', 'Si', 'Sc', 'Ir']",36,558.2879,12.3377,mm2,Amm2,38,orthorhombic,-274.9642,-0.7027,-0.0874,,0.0055,,0.0,,-0.087,-0.077
324566,As4La2Na1Pd20Si2,d7d870599d,NaLa2Si2(AsPd5)4,"['Na', 'Si', 'As', 'Pd', 'La']",29,495.3894,9.3355,4/mmm,I4/mmm,139,tetragonal,-162.431,-0.6259,-0.0437,,,,0.0,,-0.0437,-0.0417
324797,Dy1Na1Pr2Pt6Si10,d804122a59,NaPr2Dy(Si5Pt3)2,"['Na', 'Si', 'Pr', 'Dy', 'Pt']",20,352.9609,9.0265,m,Cm,8,monoclinic,-123.1714,-0.8501,-0.0226,,0.0095,,0.0,,-0.0224,-0.0086
326805,Au2Na1Sc1Si2,d9538827aa,NaSc(SiAu)2,"['Na', 'Si', 'Sc', 'Au']",6,115.7412,7.4325,-6m2,P-6m2,187,hexagonal,-28.0171,-0.4939,-0.011,,0.015,,-0.0,,-0.011,-0.0028
326988,Ce1Ir6Na1Si14,d9712f3112,NaCe(Si7Ir3)2,"['Na', 'Si', 'Ce', 'Ir']",22,340.052,8.3483,-3,R-3,148,trigonal,-149.4494,-0.6004,-0.0278,,0.0125,,0.0,,-0.0276,-0.0274
327220,Ir19Na5P11Si1,d99ae64373,Na5SiP11Ir19,"['Na', 'Si', 'P', 'Ir']",36,546.6349,12.5637,mm2,Amm2,38,orthorhombic,-258.1753,-0.5184,-0.1001,,0.0066,,0.0,,-0.1001,-0.0658
327519,Ba2Na1Pt7Si2,d9c9697336,Ba2NaSi2Pt7,"['Na', 'Si', 'Ba', 'Pt']",12,238.9258,11.9499,-3m,R-3m,166,trigonal,-67.5142,-0.7506,-0.0619,,0.0384,,-0.0,,-0.0619,-0.0439
327939,Dy1Ir6Na1Si14,da121e1198,NaDy(Si7Ir3)2,"['Na', 'Si', 'Dy', 'Ir']",22,337.0078,8.534,-3,R-3,148,trigonal,-148.1318,-0.6008,-0.0412,,0.0171,,0.0,,-0.041,-0.04
328927,Na1P1Rh2Si1,dab2a372fa,NaSiPRh2,"['Na', 'Si', 'P', 'Rh']",5,80.3346,5.9502,4mm,I4mm,107,tetragonal,-30.3249,-0.687,-0.0312,,0.0113,,0.0,,-0.0312,-0.0081
330038,Hf1Na16P8Si1,db757a67ca,Na16HfSiP8,"['Na', 'Si', 'P', 'Hf']",26,603.5959,2.2619,-43m,F-43m,216,cubic,-91.4881,-0.4449,-0.0118,,,,0.0,,-0.0118,-0.0104
330312,Ir6Na1Pr1Si14,dba083e1ec,NaPr(Si7Ir3)2,"['Na', 'Si', 'Pr', 'Ir']",22,341.9563,8.3057,-3,R-3,148,trigonal,-147.808,-0.5782,-0.0441,,0.0045,,0.0,,-0.0439,-0.0112
330697,Li8Na12P12Si2Zr2,dbe474149d,Na6Li4ZrSiP6,"['Li', 'Na', 'Si', 'P', 'Zr']",36,720.8892,2.1692,222,C222_1,20,orthorhombic,-146.0023,-0.6099,-0.0108,,,,0.0,,-0.0108,-0.0076
332239,Lu2Na2O12Si4,dcf57b38bf,NaLu(SiO3)2,"['O', 'Na', 'Si', 'Lu']",20,249.9718,4.6517,2/m,C2/c,15,monoclinic,-160.024,-3.363,-0.0073,,4.8718,,0.0,,-0.0073,-0.0073
333660,Ba4Li3Na1Si8,dde857fb28,Ba4NaLi3Si8,"['Li', 'Na', 'Si', 'Ba']",16,408.0762,3.3278,m,Pm,6,monoclinic,-63.289,-0.3226,-0.0051,,,,0.0,,-0.0048,-0.0033
333723,Na6Pt12Sb2Si4,ddf2c33b61,Na3Si2SbPt6,"['Na', 'Si', 'Sb', 'Pt']",24,426.2189,11.0443,6/mmm,P6_3/mmc,194,hexagonal,-125.3065,-0.6056,-0.0371,,,,0.0,,-0.0371,-0.0313
334073,Na3Ni1Pt3Si4,de2c3f3d0e,Na3Si4NiPt3,"['Na', 'Si', 'Ni', 'Pt']",11,202.6589,6.762,3m,R3m,160,trigonal,-55.527,-0.5332,-0.0801,,0.0349,,0.0,,-0.0789,-0.0042
334103,Na1Rh6Si14Y1,de30210d72,NaY(Si7Rh3)2,"['Na', 'Si', 'Y', 'Rh']",22,335.9032,5.5492,-3,R-3,148,trigonal,-140.4093,-0.5673,-0.0081,,0.0111,,0.0,,-0.0079,-0.0076
334572,Na2O7Si2Sn2,de7d88f104,Na2Si2Sn2O7,"['O', 'Na', 'Si', 'Sn']",13,197.8139,3.7907,-3,P-3,147,trigonal,-88.97,-2.5239,-0.0123,,2.2168,,0.0,,-0.0123,-0.0122
334746,Ge1Na8Rb8Si15,de998eca89,Rb8Na8Si15Ge,"['Na', 'Si', 'Ge', 'Rb']",32,945.785,2.3906,1,P1,1,triclinic,-105.4519,-0.0342,-0.0128,,,,0.0,,-0.0128,-0.0126
334944,Na4O16Sc4Si4,debbdf339a,NaScSiO4,"['O', 'Na', 'Si', 'Sc']",28,337.3142,3.1512,mmm,Pnma,62,orthorhombic,-224.1124,-3.308,-0.0055,,4.4344,,-0.0,,-0.0055,-0.0055
335392,Ir19Na4Si12Yb1,df08d9cc2b,Na4YbSi12Ir19,"['Na', 'Si', 'Yb', 'Ir']",36,565.9243,12.4826,-6,P-6,174,hexagonal,-262.2973,-0.6232,-0.0928,,0.0038,,0.0,,-0.0923,-0.0736
335883,Na1Rh6Sb3Si1,df5a03af02,NaSi(SbRh2)3,"['Na', 'Si', 'Rh', 'Sb']",11,191.0701,8.9844,-6m2,P-6m2,187,hexagonal,-69.3618,-0.5492,-0.0448,,0.0161,,-0.0,,-0.0448,-0.0088
336023,Na1Pt4Si4Yb1,df752538b6,NaYb(SiPt)4,"['Na', 'Si', 'Yb', 'Pt']",10,174.744,10.3457,4mm,P4mm,99,tetragonal,-56.9177,-0.8071,-0.0664,,0.0013,,0.0,,-0.066,-0.0183
336474,Cd2Na4O8Si2,dfc370b58a,Na2CdSiO4,"['O', 'Na', 'Si', 'Cd']",16,229.4128,3.626,m,Pc,7,monoclinic,-95.6413,-2.3794,-0.0133,,2.4425,,0.0,,-0.0133,-0.013
338248,As12Na4Si12,e0f957f9ee,Na(SiAs)3,"['Na', 'Si', 'As']",28,679.4372,3.2457,mmm,Pbam,55,orthorhombic,-131.949,-0.2016,-0.0445,,1.3565,,0.0,,-0.0445,-0.022
339331,Na1Se2Si1Th2,e1a8b7d450,NaTh2SiSe2,"['Na', 'Si', 'Se', 'Th']",6,165.4336,6.756,-3m,P-3m1,164,trigonal,-37.1866,-1.4365,-0.0849,,0.0162,,0.0,,-0.0849,-0.0627
340301,Au20Ba3Na1Si8,e24bef7910,Ba3Na(Si2Au5)4,"['Na', 'Si', 'Ba', 'Au']",32,659.1479,11.5859,m,Pm,6,monoclinic,-126.7901,-0.3385,-0.0468,,0.0026,,0.0,,-0.0468,-0.0434
340357,Na2Pd1Pt5Si4,e255d822ae,Na2Si4PdPt5,"['Na', 'Si', 'Pd', 'Pt']",12,204.8166,10.0545,1,P1,1,triclinic,-67.8146,-0.6612,-0.0753,,0.0116,,0.0,,-0.0746,-0.0197
342146,Na1Rh6Si14Tm1,e384a540a8,NaTm(Si7Rh3)2,"['Na', 'Si', 'Rh', 'Tm']",22,334.2117,5.9749,-3,R-3,148,trigonal,-138.3963,-0.5663,-0.0139,,0.0121,,0.0,,-0.0137,-0.0135
342581,Na4Se6Si2Yb1,e3cf8f7192,Na4Yb(SiSe3)2,"['Na', 'Si', 'Se', 'Yb']",13,331.2592,3.9848,2,C2,5,monoclinic,-55.6419,-1.3066,-0.0378,,2.7254,,0.0,,-0.0378,-0.0372
342871,Ca4Ir10Na1Si10,e40124ddfb,NaCa4(SiIr)10,"['Na', 'Si', 'Ca', 'Ir']",25,412.7567,9.6003,4/m,I4/m,87,tetragonal,-173.5389,-0.8621,-0.0866,,,,0.0,,-0.0866,-0.0168
343440,B36C1Mg2Na1Si9,e467aa641c,NaMg2Si9B36C,"['B', 'C', 'Na', 'Mg', 'Si']",49,486.0456,2.4789,m,Cm,8,monoclinic,-308.3344,-0.1081,-0.0119,,,,0.0,,-0.0119,-0.0117
345225,Ge1Na12Pt8Si7,e58d944df2,Na12Si7GePt8,"['Na', 'Si', 'Ge', 'Pt']",28,599.2022,5.8357,m,Pm,6,monoclinic,-120.0194,-0.4636,-0.0821,,0.0009,,0.0,,-0.0803,-0.0119
346294,As4Na1Pd20Si2Yb2,e64ffb7bb0,NaYb2Si2(AsPd5)4,"['Na', 'Si', 'As', 'Pd', 'Yb']",29,483.6839,9.7958,4/mmm,I4/mmm,139,tetragonal,-154.8795,-0.5998,-0.0425,,,,0.0,,-0.0425,-0.0256
347563,Hf2Na4O22Si8,e72828904f,Na2HfSi4O11,"['O', 'Na', 'Si', 'Hf']",36,482.7346,3.528,2/m,C2/c,15,monoclinic,-293.9914,-3.2369,-0.0214,,4.6105,,-0.0,,-0.0214,-0.0082
347630,La2Na2Se8Si2,e73535d773,NaLaSiSe4,"['Na', 'Si', 'Se', 'La']",14,395.9316,4.2428,2,P2_1,4,monoclinic,-72.1137,-1.4842,-0.0189,,2.3099,,-0.0,,-0.0189,-0.0156
349143,Na1P5Pd20Si1Tm2,e82c3aebd7,NaTm2Si(PPd4)5,"['Na', 'Si', 'P', 'Pd', 'Tm']",29,455.4371,9.743,4mm,I4mm,107,tetragonal,-166.1896,-0.6835,-0.0392,,,,0.0,,-0.0392,-0.0311
349163,Ge1Li8Na12P12Si3,e82f5350e2,Na12Li8Si3GeP12,"['Li', 'Na', 'Si', 'P', 'Ge']",36,685.9003,2.082,2,C2,5,monoclinic,-136.0334,-0.5287,-0.0547,,,,0.0,,-0.055,-0.0433
349630,Ac9Na1Pb2Si4,e87e67add8,NaAc9(Si2Pb)2,"['Na', 'Si', 'Pb', 'Ac']",16,547.5558,7.8628,4/m,I4/m,87,tetragonal,-75.0697,-0.4704,-0.3233,,,,0.0,,-0.3233,-0.2072
350584,Na4O20Si4Ta4,e9181a3eba,NaTaSiO5,"['O', 'Na', 'Si', 'Ta']",32,404.3212,5.1258,-1,C2/c,15,monoclinic,-274.4269,-3.1577,-0.0139,,3.7604,,0.0,,-0.0139,-0.0139
350963,Ir19Na2P6Sc3Si6,e957d3d7a8,Na2Sc3Si6P6Ir19,"['Na', 'Si', 'P', 'Sc', 'Ir']",36,547.0896,12.7095,mm2,Amm2,38,orthorhombic,-282.0024,-0.7611,-0.1106,,,,0.0,,-0.1106,-0.0953
351065,As3Ir19Na5Si9,e967cff546,Na5Si9As3Ir19,"['Na', 'Si', 'As', 'Ir']",36,572.6044,12.3093,-6m2,P-62m,189,hexagonal,-255.8124,-0.5129,-0.0367,,0.0021,,0.0,,-0.0367,-0.0365
353519,Cs8Ge1Na8Si15,eb0b09c4a9,Cs8Na8Si15Ge,"['Na', 'Si', 'Ge', 'Cs']",32,1020.4191,2.8333,1,P1,1,triclinic,-105.1387,-0.0435,-0.0145,,1.3444,,0.0,,-0.0136,-0.0135
354378,As12Li8Na12Si3Sn1,eb94fb08d3,Na12Li8Si3SnAs12,"['Li', 'Na', 'Si', 'As', 'Sn']",36,768.9594,3.0954,2,C2,5,monoclinic,-126.1863,-0.5236,-0.0495,,0.8992,,0.0,,-0.0495,-0.0372
354960,Br18Na4Si1Zr6,ebf86988b7,Na4Zr6SiBr18,"['Na', 'Si', 'Br', 'Zr']",29,903.3338,3.8707,-1,P-1,2,triclinic,-142.6199,-1.7639,-0.0266,,1.4377,,0.0,,-0.0266,-0.0264
354977,Na2P5Pd20Si1Sr1,ebfb2abbb2,Na2SrSi(PPd4)5,"['Na', 'Si', 'P', 'Sr', 'Pd']",29,462.0977,8.7859,mm2,Imm2,44,orthorhombic,-156.8058,-0.5649,-0.0849,,,,0.0,,-0.0846,-0.0778
355220,Er1Na1Pr2Pt6Si10,ec2516d6e6,NaPr2Er(Si5Pt3)2,"['Na', 'Si', 'Pr', 'Er', 'Pt']",20,352.1551,9.0696,m,Cm,8,monoclinic,-123.0145,-0.8442,-0.0219,,0.01,,-0.0,,-0.0217,-0.0079
356113,Cs4Na4Se20Si8,ecbfb9c18d,CsNaSi2Se5,"['Na', 'Si', 'Se', 'Cs']",36,1200.5977,3.3574,mmm,Cmcm,63,orthorhombic,-160.5811,-1.0664,-0.0081,,2.4973,,0.0,,-0.0081,-0.0077
357611,Na5P6Rh19Si6,edbf3fbfc4,Na5Si6P6Rh19,"['Na', 'Si', 'P', 'Rh']",36,543.572,7.4065,-6m2,P-62m,189,hexagonal,-237.9223,-0.7321,-0.0481,,0.0003,,0.0,,-0.0479,-0.0459
357809,Cd2Na1Pt4Si2Sr1,eddf00957b,NaSrCd2(SiPt2)2,"['Na', 'Si', 'Sr', 'Cd', 'Pt']",10,200.8127,9.6909,4mm,P4mm,99,tetragonal,-46.6025,-0.6606,-0.0497,,,,0.0,,-0.0497,-0.0363
358523,Na3P4Pd20Si2,ee549b8b9b,Na3Si2(PPd5)4,"['Na', 'Si', 'P', 'Pd']",29,454.6004,8.6842,4/mmm,I4/mmm,139,tetragonal,-155.1536,-0.5197,-0.0815,,,,0.0,,-0.0815,-0.0647
359413,Na2Pt4Rh2Si4,eeea3c459b,NaSi2Pt2Rh,"['Na', 'Si', 'Rh', 'Pt']",12,198.364,9.5805,m,Cm,8,monoclinic,-71.7292,-0.6976,-0.0687,,0.0048,,0.0,,-0.068,-0.0308
359541,Na2Pd3Si1,eefeb7f8ec,Na2SiPd3,"['Na', 'Si', 'Pd']",6,104.6201,6.2429,-3m,R-3m,166,trigonal,-26.1565,-0.4244,-0.0199,,0.0118,,-0.0,,-0.0184,-0.0184
359880,Na16Se8Si4Te8,ef3a740c3c,Na4Si(TeSe)2,"['Na', 'Si', 'Se', 'Te']",36,1051.5226,3.3678,mmm,Pnma,62,orthorhombic,-132.8369,-1.0239,-0.0046,,2.0577,,0.0,,-0.0046,-0.0035
360539,Na1P2Pb2Pd20Si4,efa9501ad6,NaSi4P2(Pd10Pb)2,"['Na', 'Si', 'P', 'Pd', 'Pb']",29,464.4411,9.7967,4/mmm,I4/mmm,139,tetragonal,-160.569,-0.5412,-0.0324,,,,0.0,,-0.0324,-0.0225
361314,Ca1Na2Pd20Si6,f02af093ed,Na2Ca(Si3Pd10)2,"['Na', 'Si', 'Ca', 'Pd']",29,464.5791,8.5174,-43m,F-43m,216,cubic,-158.6119,-0.6142,-0.0403,,,,0.0,,-0.0399,-0.0394
361334,Na8P12Rb12Si3V1,f02fd5bbf9,Rb12Na8V(SiP4)3,"['Na', 'Si', 'P', 'V', 'Rb']",36,1024.005,2.7834,2,C2,5,monoclinic,-126.7397,-0.3909,-0.0483,,,,0.0,,-0.0483,-0.0079
364091,Na1Pd20Pr2Si6,f204703633,NaPr2(Si3Pd10)2,"['Na', 'Si', 'Pd', 'Pr']",29,472.6977,9.1396,m-3m,Fm-3m,225,cubic,-168.0764,-0.7255,-0.0263,,,,-0.0,,-0.0263,-0.022
365109,Ge1Li4Na1Si7Sm3,f2b374dc43,NaLi4Sm3Si7Ge,"['Li', 'Na', 'Si', 'Ge', 'Sm']",16,314.8628,4.0665,m,Pm,6,monoclinic,-72.7325,-0.4386,-0.0099,,,,0.0,,-0.0098,-0.0097
366743,As1Na4P11Si12,f3c6fc360e,Na4Si12AsP11,"['Na', 'Si', 'P', 'As']",28,628.2679,2.2324,m,Pm,6,monoclinic,-141.5438,-0.248,-0.0484,,1.5625,,-0.0,,-0.0484,-0.0177
366767,As12Li8Na12Si3Ti1,f3cd231cd0,Na12Li8Ti(SiAs4)3,"['Li', 'Na', 'Si', 'Ti', 'As']",36,755.6747,2.9942,2,C2,5,monoclinic,-131.8118,-0.5719,-0.0547,,,,0.0,,-0.0547,-0.0453
366995,Ba6Na16Si1,f3f0393975,Ba6Na16Si,"['Na', 'Si', 'Ba']",23,1019.3658,1.9872,m-3m,Im-3m,229,cubic,-39.2389,-0.0495,-0.0044,,0.0018,,0.0,,-0.0021,-0.002
367135,Er4Na4O16Si4,f40a3100f2,NaErSiO4,"['O', 'Na', 'Si', 'Er']",28,369.1397,5.0802,mmm,Pnma,62,orthorhombic,-219.1192,-3.3818,-0.032,,4.3289,,0.0,,-0.032,-0.0318
367518,As9Na4P3Si12,f448f85c5c,Na4Si12(As3P)3,"['Na', 'Si', 'P', 'As']",28,665.7535,2.9836,m,Pm,6,monoclinic,-134.6189,-0.2162,-0.0455,,1.3045,,0.0,,-0.0455,-0.0181
368556,Cs8Na4Rb4Si15Sn1,f503b1ea83,Cs8Rb4Na4Si15Sn,"['Na', 'Si', 'Rb', 'Sn', 'Cs']",32,1190.8468,2.8405,m,Pm,6,monoclinic,-103.312,-0.0484,-0.0055,,,,0.0,,-0.0055,-0.0053
368844,Ir19Na1Nd4Si12,f53715e5e4,NaNd4Si12Ir19,"['Na', 'Si', 'Nd', 'Ir']",36,579.9586,13.1395,mm2,Amm2,38,orthorhombic,-284.5258,-0.8638,-0.0664,,0.0052,,0.0,,-0.0663,-0.064
371856,Dy4Ir19Na1P3Si9,f743b0bdf5,NaDy4Si9P3Ir19,"['Na', 'Si', 'P', 'Dy', 'Ir']",36,562.4453,13.7899,mm2,Amm2,38,orthorhombic,-285.3806,-0.9065,-0.1368,,0.0046,,0.0,,-0.1368,-0.1104
372969,Ir6Na1Si14Tb1,f801c63510,NaTb(Si7Ir3)2,"['Na', 'Si', 'Tb', 'Ir']",22,337.5667,8.5023,-3,R-3,148,trigonal,-148.1424,-0.6,-0.0319,,0.0089,,0.0,,-0.0317,-0.0316
374826,Li8Na12P12Si1Sn3,f93d3ad0a4,Na12Li8Si(SnP4)3,"['Li', 'Na', 'Si', 'P', 'Sn']",36,730.9375,2.4701,2,C2,5,monoclinic,-130.9911,-0.4843,-0.0214,,,,0.0,,-0.0214,-0.0182
375505,Na1Pr1Pt6Si10Sr2,f9b38f2ca8,NaSr2Pr(Si5Pt3)2,"['Na', 'Si', 'Sr', 'Pr', 'Pt']",20,360.7684,8.2413,m,Cm,8,monoclinic,-115.2802,-0.756,-0.0427,,0.002,,0.0,,-0.0425,-0.0191
377140,Al3Au1Lu2Na1Si2,fac0c0256f,NaLu2Al3Si2Au,"['Na', 'Al', 'Si', 'Lu', 'Au']",9,172.6201,6.8011,mm2,Amm2,38,orthorhombic,-40.3587,-0.5148,-0.005,,0.0029,,0.0,,-0.0045,-0.003
377291,Na1Nd3Pt6Si10,fada7a9e94,NaNd3(Si5Pt3)2,"['Na', 'Si', 'Nd', 'Pt']",20,355.0149,8.9201,m,Cm,8,monoclinic,-123.4893,-0.8592,-0.0302,,0.006,,0.0,,-0.0299,-0.0216
379719,Na3P12Si12Tl1,fc7cb85b21,Na3Tl(SiP)12,"['Na', 'Si', 'P', 'Tl']",28,641.7855,2.541,m,Pm,6,monoclinic,-142.6443,-0.2228,-0.0451,,,,0.0,,-0.0451,-0.0191
380050,Dy2Na1P4Pd20Si2,fcb8766d1b,NaDy2Si2(PPd5)4,"['Na', 'Si', 'P', 'Pd', 'Dy']",29,460.0241,9.589,4/mmm,I4/mmm,139,tetragonal,-166.8956,-0.6986,-0.0404,,,,0.0,,-0.0403,-0.0362
380422,Cu1Na1Rh5Si4,fcf8176603,NaCuSi4Rh5,"['Na', 'Si', 'Cu', 'Rh']",11,159.8294,7.4119,mm2,Amm2,38,orthorhombic,-71.3975,-0.6775,-0.0127,,0.012,,0.0,,-0.0123,-0.0123
380758,Cs4Na4Se8Si1Ti1,fd338a6246,Cs4Na4TiSiSe8,"['Na', 'Si', 'Ti', 'Se', 'Cs']",18,675.0017,3.2749,-42m,P-42m,111,tetragonal,-74.0937,-1.3297,-0.0089,,1.9005,,0.0,,-0.0089,-0.0074
381204,In4Na4Se12Si2,fd7d122e16,Na2In2SiSe6,"['Na', 'Si', 'Se', 'In']",22,663.1363,3.8936,m,Cc,9,monoclinic,-91.0558,-0.9981,-0.035,,1.6163,,0.0,,-0.035,-0.0272
381895,Hf2Na20P12Si1Sn1,fdf3e9bad3,Na20Hf2SiSnP12,"['Na', 'Si', 'P', 'Sn', 'Hf']",36,815.5566,2.7187,1,P1,1,triclinic,-138.2301,-0.4853,-0.0156,,1.2431,,0.0,,-0.0156,-0.0142
382085,Na2Pd4Pt2Si4,fe1164805a,NaSi2Pd2Pt,"['Na', 'Si', 'Pd', 'Pt']",12,203.924,7.9326,m,Cm,8,monoclinic,-65.0166,-0.6507,-0.0437,,0.0145,,0.0,,-0.0435,-0.0213
384336,Cd2Na4O20Si8,ff9b41200f,Na2Cd(Si2O5)2,"['O', 'Na', 'Si', 'Cd']",34,478.8991,2.987,-1,P-1,2,triclinic,-247.0428,-2.869,-0.0033,,3.5177,,0.0,,-0.0033,-0.0032
